"Red retrospot","Woodland","Black skull","Cars blue","Spaceboy design","Suki design","Pink polkadot","Dolly girl design","Apple design","Alphabet design","Vintage leaf design","Vintage doily","Paisley park","Red vintage doily"
1,0,0,0,0,0,1,0,0,0,0,0,0,0
0,0,0,0,0,0,0,0,1,0,1,0,0,0
1,1,0,0,1,0,0,0,0,0,0,0,0,0
1,1,0,1,1,1,0,1,1,0,1,1,0,0
1,0,1,0,0,0,0,0,0,0,0,0,0,0
0,1,0,1,0,0,0,0,0,0,0,0,0,0
1,0,0,1,0,1,1,0,1,1,0,1,0,0
1,1,0,1,1,1,1,0,1,0,1,0,0,0
1,1,0,1,1,1,1,0,1,1,0,0,0,0
1,0,0,0,0,0,1,0,0,0,0,0,0,0
1,1,1,1,1,1,1,1,0,0,0,0,0,0
1,1,0,0,1,0,0,1,1,0,0,1,0,0
0,0,0,1,0,0,0,0,0,0,0,0,0,0
1,1,1,0,1,0,0,1,0,0,0,1,0,0
0,0,0,0,0,1,0,0,1,1,0,0,0,0
0,0,0,0,0,0,0,0,1,0,1,0,0,0
1,1,1,0,1,0,1,1,1,1,1,1,0,0
0,0,0,0,0,0,0,0,0,0,0,1,0,0
0,0,1,1,0,0,1,0,1,0,1,1,0,0
1,0,0,0,1,0,0,0,0,0,0,0,0,0
1,0,0,1,0,1,0,0,0,0,0,0,0,0
0,0,0,0,0,0,0,0,1,0,0,1,0,0
1,1,0,0,1,1,0,0,1,0,0,0,0,0
1,1,0,1,0,0,0,0,0,0,0,0,0,0
1,0,0,0,0,0,1,0,0,0,0,1,0,0
1,1,0,0,1,0,0,0,0,0,0,0,0,0
0,0,0,0,0,0,0,0,0,0,0,1,0,0
1,1,1,1,1,0,0,0,1,1,1,0,0,0
1,0,0,0,0,1,0,0,0,0,1,1,0,0
0,0,0,0,1,0,0,0,0,0,1,0,0,0
0,1,0,1,0,0,1,1,0,0,0,0,0,0
0,1,0,0,0,0,0,0,0,0,0,0,0,0
0,1,0,1,1,0,0,0,1,0,0,1,0,0
1,1,0,0,0,0,0,0,1,0,0,0,0,0
0,0,1,0,0,0,0,0,1,1,0,0,0,0
0,0,0,0,0,0,1,0,0,0,0,0,0,0
1,0,1,1,1,0,0,0,0,0,0,0,0,0
0,0,0,0,0,1,0,0,0,0,1,1,0,0
0,0,0,0,0,0,0,0,1,0,1,1,0,0
1,1,0,0,0,0,0,0,1,0,0,0,0,0
1,0,1,1,1,1,1,1,1,1,0,0,0,0
0,0,0,0,0,0,1,0,0,0,0,0,0,0
1,1,1,0,1,0,0,0,1,0,0,0,0,0
1,0,0,1,1,1,1,0,1,1,0,1,0,0
1,1,0,0,1,1,0,1,0,0,0,0,0,0
0,1,0,1,0,0,0,0,1,1,0,0,0,0
1,0,1,0,0,0,0,0,0,0,0,0,0,0
0,0,0,0,0,1,0,0,0,0,0,0,0,0
0,1,1,0,0,1,1,0,0,0,0,0,0,0
1,1,0,1,1,1,1,1,0,0,0,0,0,0
1,1,1,1,1,1,1,1,1,1,0,0,1,0
1,1,1,1,0,1,0,0,1,0,0,0,0,0
0,1,0,1,0,0,0,0,0,0,0,0,0,0
1,0,0,0,0,0,0,0,1,0,0,0,0,0
0,0,0,0,0,1,1,0,0,0,0,0,1,0
1,0,0,0,0,0,0,0,0,0,0,0,0,0
0,0,0,0,0,0,1,0,0,0,0,0,0,0
1,0,0,0,0,0,0,0,1,0,0,0,0,0
1,0,1,1,0,1,1,0,0,0,0,0,0,0
0,0,0,0,0,0,0,0,0,0,0,1,0,0
0,0,0,0,0,0,0,0,1,0,1,0,0,0
1,1,0,1,1,1,1,1,1,0,0,1,1,1
0,0,0,0,0,1,1,0,0,0,0,0,0,0
1,1,1,1,1,1,1,1,1,1,1,1,0,0
0,0,0,0,0,0,1,0,0,0,0,0,1,0
1,0,0,0,0,0,0,0,0,0,0,1,0,1
0,0,1,1,1,0,0,0,0,0,0,0,0,0
1,1,0,0,0,0,0,1,0,0,0,1,0,0
0,1,1,0,1,0,0,0,1,0,0,0,0,0
0,1,1,0,1,0,1,1,1,0,0,0,0,0
0,1,0,1,0,0,0,0,1,0,0,0,0,0
0,1,0,0,0,0,0,0,0,0,0,0,0,0
0,0,0,0,1,0,0,0,0,0,0,0,0,0
0,1,0,0,0,0,0,0,0,0,0,0,0,0
0,1,0,0,1,0,0,0,0,0,0,1,0,0
1,0,0,0,0,0,0,0,0,0,0,0,0,0
0,0,0,0,0,0,0,0,0,0,0,1,0,0
1,1,0,1,0,1,0,0,1,0,0,0,0,0
1,1,0,1,0,1,0,1,1,1,1,1,1,0
0,0,0,0,0,0,0,0,1,0,1,1,0,0
1,1,0,0,1,0,0,0,1,0,0,1,0,0
1,1,1,1,1,0,1,0,1,1,0,1,1,0
1,1,1,1,1,1,1,1,1,1,1,1,0,0
1,0,0,1,0,0,1,0,0,0,0,0,0,0
0,1,0,0,1,1,0,0,1,1,1,0,0,0
1,1,0,0,0,0,1,0,0,0,0,0,0,0
0,0,0,0,0,0,0,1,0,0,0,0,0,0
1,1,1,0,1,1,1,1,1,0,0,1,0,0
0,0,0,0,0,0,0,0,0,0,0,1,0,0
0,1,0,0,0,0,0,0,1,0,0,0,0,0
0,1,0,0,1,0,0,1,0,0,0,0,0,0
1,1,0,0,1,0,0,0,1,0,0,0,0,0
0,0,0,0,0,0,0,0,0,0,0,0,1,0
1,0,0,0,1,0,0,0,0,0,0,1,0,0
1,0,0,0,1,0,0,0,1,0,1,1,1,0
1,1,0,0,1,1,1,0,1,0,1,1,0,1
0,1,0,0,0,0,1,1,1,0,0,1,0,0
0,1,0,1,1,0,0,0,0,0,0,0,0,0
0,1,0,0,1,0,0,0,0,0,0,1,0,0
0,0,0,0,0,0,0,0,0,0,0,1,0,0
1,1,0,0,1,0,0,0,1,0,0,0,0,0
0,0,0,0,0,0,0,0,1,0,0,1,0,0
0,0,0,0,0,0,1,0,1,0,0,0,0,0
1,1,0,0,1,1,0,1,1,0,1,1,0,0
0,0,0,1,0,0,0,0,0,0,0,0,0,0
0,1,0,0,0,0,0,0,1,0,0,0,0,0
1,1,0,1,0,1,1,0,1,1,0,0,0,0
0,0,1,0,1,0,1,1,0,0,0,0,0,0
1,0,1,1,1,1,0,1,1,1,1,1,1,1
1,1,1,0,0,0,1,0,0,1,0,1,1,1
1,1,0,0,0,0,0,0,0,0,0,0,0,0
1,1,0,1,1,1,0,1,1,0,1,0,0,0
1,0,1,0,1,0,0,1,0,0,0,0,0,0
1,0,0,0,0,0,0,0,0,0,0,0,0,0
0,0,0,0,0,0,0,0,0,0,1,0,0,0
1,1,1,1,1,1,1,1,1,1,1,1,1,0
0,0,0,0,0,0,0,0,0,0,1,0,1,0
1,0,0,0,0,0,0,1,0,0,0,0,0,0
1,1,0,1,1,1,1,1,0,1,1,1,1,1
1,1,0,1,1,1,1,1,1,1,1,1,0,0
0,0,0,0,1,0,0,0,0,0,0,1,0,0
1,0,0,1,0,1,0,1,0,1,0,1,1,0
0,0,0,0,1,0,0,1,0,0,0,0,0,0
1,0,0,1,0,0,0,0,0,0,0,0,0,0
1,0,0,0,0,0,0,0,0,0,0,0,0,0
0,1,0,0,0,0,0,0,0,0,0,0,0,0
0,0,0,0,0,0,0,0,0,0,0,1,1,0
0,0,0,0,0,0,0,0,0,0,0,1,1,0
1,0,0,1,0,1,0,0,0,0,0,0,0,0
1,1,0,1,0,1,1,1,0,0,0,0,0,0
0,1,0,1,0,0,0,0,0,0,0,0,1,0
1,0,0,0,0,0,0,1,0,0,0,0,0,0
1,0,0,1,0,0,1,1,0,0,0,0,0,0
0,1,1,1,1,1,1,0,1,0,0,1,0,0
1,1,1,1,1,1,1,1,1,1,0,1,0,0
1,1,0,1,0,0,1,0,1,1,0,0,0,0
1,0,0,0,0,0,0,0,1,0,0,1,0,0
0,1,1,1,1,1,0,0,0,0,1,0,0,0
1,1,1,1,1,1,1,1,0,1,1,1,1,1
0,0,0,0,0,0,0,0,0,0,0,1,0,1
0,0,0,0,0,0,0,0,1,0,0,0,0,0
0,0,0,0,0,0,0,0,0,0,0,1,0,0
1,0,0,0,0,0,0,0,0,0,0,0,0,0
0,0,0,0,1,0,0,0,1,1,0,1,0,0
1,1,1,1,1,0,1,0,1,0,0,1,0,0
1,1,0,1,1,1,1,1,1,1,1,1,1,0
0,0,0,0,0,0,0,0,0,1,0,0,0,0
0,0,0,0,0,0,0,0,0,0,0,0,1,0
1,0,0,0,0,0,0,0,1,0,0,0,0,0
1,1,1,1,1,1,1,1,0,1,0,0,0,0
0,0,1,0,0,0,0,0,0,0,0,1,0,0
0,0,0,1,0,0,0,0,0,0,0,0,0,0
1,1,1,1,1,1,1,0,1,0,0,1,0,0
1,1,1,1,1,1,0,0,0,1,1,1,0,0
1,0,1,0,0,0,0,0,0,0,0,1,0,0
0,0,0,0,1,0,0,0,0,0,0,0,1,0
0,1,0,0,0,0,0,0,0,0,0,0,0,0
0,0,0,0,0,0,1,0,0,0,1,1,0,0
0,0,0,1,0,0,0,0,0,0,0,0,0,0
1,1,1,1,0,1,1,0,1,0,0,0,0,0
0,0,0,0,0,0,0,0,0,0,0,1,0,0
0,0,1,0,0,0,0,0,0,0,0,0,0,0
1,0,0,1,1,0,1,1,0,0,0,0,0,0
1,0,0,0,0,1,1,0,0,0,0,0,0,0
1,0,1,0,1,0,0,0,0,0,0,0,1,0
0,1,0,1,0,0,0,0,0,0,0,0,0,0
0,0,1,1,0,0,1,1,0,0,0,0,0,0
1,1,1,0,1,1,0,1,1,1,1,1,1,0
1,0,0,0,0,0,0,0,0,0,0,0,0,0
0,0,0,0,0,1,1,0,0,0,0,1,0,0
0,0,1,0,0,0,1,0,0,0,0,0,0,0
1,0,0,1,0,1,0,0,1,0,0,1,0,0
0,0,0,0,0,0,0,0,0,0,1,0,0,0
1,0,1,1,1,1,1,0,0,1,1,0,1,0
0,0,1,1,0,0,1,1,0,0,0,1,1,0
0,0,0,0,0,0,0,0,1,0,1,1,0,0
0,0,0,1,0,0,0,0,0,0,0,1,0,0
1,1,1,0,0,1,1,1,1,1,1,0,0,0
1,1,1,1,1,1,1,1,1,1,1,1,1,0
0,0,0,0,0,0,0,0,0,0,1,1,0,0
1,1,1,1,1,0,1,1,1,1,0,1,0,0
0,1,0,0,1,0,0,0,1,1,0,1,1,0
1,1,0,1,1,1,0,0,0,0,0,0,0,0
1,1,1,1,1,1,1,0,1,1,1,1,1,1
0,0,0,0,0,0,0,0,1,0,1,0,0,0
1,0,1,0,1,0,1,0,0,1,0,0,0,0
0,0,0,1,0,0,0,0,0,0,0,0,0,0
1,0,0,0,0,1,1,0,1,1,0,0,0,0
1,0,1,1,1,1,1,0,1,1,1,1,1,1
0,1,1,1,1,1,1,1,0,0,0,1,1,1
0,0,1,0,0,0,0,0,0,0,0,0,0,0
1,1,0,0,1,1,0,1,0,0,1,1,0,0
1,1,0,0,1,0,0,0,1,1,0,0,0,0
0,0,0,1,0,1,0,0,0,0,0,0,0,0
1,0,1,1,1,1,0,0,1,1,0,1,0,0
1,1,1,1,1,0,1,1,1,1,1,1,1,1
0,1,0,0,1,0,1,0,1,1,0,0,0,0
1,1,1,1,1,1,1,1,0,1,0,1,0,0
1,0,1,0,0,0,1,0,0,1,0,0,0,0
1,1,1,1,1,1,1,1,1,1,1,1,0,0
0,0,1,1,1,1,1,0,0,1,1,1,0,0
0,0,1,0,0,1,1,0,1,0,0,0,0,0
0,0,0,0,1,0,0,0,0,0,0,0,0,0
0,0,0,0,0,0,0,0,0,1,0,0,0,0
1,1,1,1,1,1,1,0,1,1,1,1,1,0
1,1,1,1,1,1,0,1,1,1,0,0,0,0
1,1,1,1,0,1,1,0,1,0,1,1,0,0
0,0,0,0,0,0,0,0,0,1,0,0,0,0
1,1,1,1,1,1,1,1,1,1,1,1,0,0
1,1,0,1,1,1,1,1,1,0,1,1,0,0
1,1,1,0,1,1,1,1,1,1,1,1,0,0
1,1,0,0,1,0,1,0,0,0,0,0,0,0
0,1,1,0,1,0,0,0,0,0,0,0,0,0
1,1,1,1,1,1,1,0,0,1,1,1,0,0
0,0,0,0,1,1,0,0,0,0,0,1,0,0
1,1,1,0,1,1,0,1,1,0,1,1,1,0
0,1,0,0,0,0,0,0,1,0,0,0,0,0
0,1,0,0,1,1,0,0,1,0,1,1,1,0
1,1,1,1,1,1,1,0,0,0,0,0,0,0
0,0,0,0,0,0,1,0,0,0,0,0,0,1
1,0,0,1,0,0,0,0,0,0,0,0,0,0
1,1,1,1,1,1,1,1,1,1,1,1,0,1
0,0,1,1,0,0,1,0,0,0,0,0,0,0
1,1,1,0,0,1,0,0,0,1,1,0,0,0
0,0,0,0,0,0,0,0,0,0,1,1,0,0
1,1,1,1,1,1,0,0,1,1,1,0,0,0
0,0,1,1,1,1,1,0,1,0,0,0,0,0
1,1,1,0,1,1,0,1,1,1,1,1,1,1
0,1,1,0,1,1,1,1,1,1,1,1,0,0
0,0,0,0,0,0,0,0,0,1,0,0,0,0
0,0,0,1,0,0,0,0,1,0,0,1,0,0
1,0,0,0,1,0,0,0,0,0,0,0,0,0
0,0,0,1,1,1,1,0,0,1,0,0,0,0
0,0,1,1,0,1,1,0,0,0,0,0,0,0
0,0,0,0,1,0,1,1,0,0,0,1,0,0
1,0,0,1,1,0,1,0,1,1,0,1,1,0
0,0,0,0,1,0,0,1,0,0,0,0,0,0
0,0,0,0,0,0,0,0,0,0,0,1,0,0
0,0,0,0,1,0,0,1,0,0,0,0,0,0
1,1,1,1,1,0,0,0,1,1,0,1,0,0
1,0,0,0,0,0,0,0,0,0,0,1,0,0
0,0,0,1,1,1,0,1,0,1,0,0,1,1
0,0,0,0,1,0,0,1,0,0,0,0,0,0
1,0,0,0,0,0,0,0,0,0,0,1,0,0
1,0,0,1,0,0,0,0,1,0,0,0,0,0
1,0,0,0,0,0,0,0,0,0,0,0,0,0
0,1,0,1,0,0,0,0,1,1,1,1,1,0
0,0,0,0,0,0,1,0,0,0,0,0,0,0
1,0,1,0,0,0,0,0,1,1,0,0,1,0
0,0,0,0,0,0,0,0,0,1,0,1,0,0
0,1,0,1,0,0,0,0,0,1,1,0,0,0
1,0,1,1,1,1,1,0,0,0,1,0,0,0
0,0,0,0,0,0,0,0,0,0,0,1,0,0
0,0,0,0,0,0,0,0,0,0,0,0,1,0
0,0,0,0,0,0,0,0,1,0,0,0,0,0
1,0,0,0,0,0,0,0,1,0,1,0,0,0
1,0,1,1,1,1,0,0,1,1,0,1,0,0
1,1,1,1,1,1,1,0,0,0,1,1,0,1
1,1,1,1,1,0,0,0,1,1,0,0,0,0
1,0,1,0,1,0,1,1,0,0,0,1,0,0
0,0,0,1,0,1,1,0,1,0,0,1,0,0
0,0,0,0,0,0,0,0,0,1,0,0,0,0
1,0,0,1,1,1,1,0,0,1,0,0,0,0
1,1,0,0,0,1,1,0,1,1,1,1,0,0
0,0,1,0,0,0,0,0,0,0,0,0,0,0
0,0,0,1,0,1,0,1,0,0,0,0,0,0
0,0,0,0,1,0,0,1,0,0,0,0,0,0
0,0,0,0,0,0,0,0,0,0,1,0,0,0
0,0,0,0,0,0,0,0,0,0,0,1,0,0
0,0,0,0,0,0,0,1,0,0,0,0,0,0
1,1,1,1,1,1,1,1,1,1,1,1,1,1
0,0,0,1,0,0,1,0,0,0,0,0,0,0
0,0,0,0,0,0,0,0,0,1,0,1,0,0
0,0,0,0,1,0,0,1,0,1,0,0,1,0
0,0,0,0,0,0,1,0,0,0,0,0,0,0
0,0,1,1,0,0,1,0,0,0,0,0,0,1
0,1,1,0,1,0,0,0,1,0,1,0,1,0
1,0,0,1,0,0,0,0,0,0,0,0,0,0
0,0,0,0,0,0,0,0,0,0,0,1,0,0
1,1,1,0,1,0,1,0,0,0,0,0,0,0
0,0,0,1,0,1,0,0,1,1,0,0,0,0
0,0,0,0,1,0,0,1,0,0,0,0,0,0
0,0,1,0,1,0,0,0,0,1,0,1,1,1
0,0,0,0,0,0,0,0,0,0,0,1,0,0
0,0,0,0,0,0,0,0,0,0,1,0,0,0
0,0,0,0,0,0,0,0,0,1,1,0,0,0
0,0,0,1,1,0,1,0,1,0,0,0,0,0
0,0,1,0,0,0,1,0,0,0,0,0,0,0
1,0,0,1,1,0,1,1,1,0,0,0,0,0
0,0,1,0,0,0,1,0,0,0,0,0,0,0
0,0,0,0,1,0,1,0,0,0,0,0,1,0
0,0,0,1,0,0,1,0,1,1,0,1,1,1
0,0,1,0,0,0,0,0,0,0,0,0,0,0
0,0,0,1,1,1,0,0,0,1,0,1,0,1
0,0,0,1,0,0,0,0,0,1,0,0,0,0
1,0,1,0,0,0,0,1,0,1,0,1,0,0
0,0,0,0,0,1,0,0,1,0,0,1,0,0
0,0,1,0,0,0,1,0,0,0,0,0,0,0
0,0,1,1,0,0,0,1,1,1,0,0,0,1
0,0,0,1,0,0,0,0,0,0,0,0,0,0
0,0,0,0,0,0,0,0,1,1,0,1,0,0
0,0,0,0,1,0,0,0,0,0,0,0,0,0
1,1,1,1,0,0,0,0,0,0,0,0,0,0
1,0,1,0,0,1,1,0,1,1,1,1,0,1
0,0,1,1,0,0,1,0,0,0,0,0,0,0
0,0,1,0,0,0,1,0,1,0,1,1,0,0
0,0,1,1,0,1,0,0,0,0,0,0,0,0
0,0,0,0,0,0,0,0,1,1,1,1,0,0
1,1,0,1,1,0,1,0,0,0,0,0,0,0
0,0,0,0,0,1,0,0,0,0,0,0,0,0
0,0,0,0,0,0,0,0,0,0,0,1,0,0
1,0,1,1,1,1,1,1,1,1,1,0,1,0
1,0,0,0,0,0,0,0,0,0,0,0,0,0
0,0,1,1,1,1,1,1,0,1,1,0,0,0
1,0,0,1,0,1,1,0,0,1,0,1,1,0
0,0,0,0,0,0,0,0,0,0,1,1,0,0
0,0,1,1,0,1,1,0,0,0,0,0,0,0
1,0,0,0,0,1,0,1,0,0,0,0,0,0
0,1,0,0,0,0,0,0,1,1,1,1,0,0
1,0,1,0,0,0,0,0,0,0,0,0,0,0
0,0,0,0,0,0,1,0,0,0,0,0,0,0
0,0,0,0,0,0,0,0,0,0,0,0,1,0
0,0,1,1,0,0,0,0,0,1,0,0,0,0
1,0,1,1,0,0,0,0,0,0,0,0,1,0
0,0,0,0,0,0,1,0,0,0,0,0,0,0
1,1,0,0,0,0,0,0,0,0,0,1,0,0
0,1,0,0,0,0,1,0,0,0,0,1,0,0
1,1,1,0,0,0,0,0,0,0,0,0,0,0
0,0,0,0,0,0,0,0,0,0,0,1,1,0
1,1,1,0,0,1,0,0,0,0,0,0,0,0
0,0,1,0,0,0,1,0,0,0,0,0,0,0
0,0,0,0,1,1,1,0,0,0,0,0,0,0
0,0,0,0,0,0,0,0,1,1,0,1,0,0
0,0,0,0,0,1,0,1,1,1,0,1,0,0
0,1,1,0,0,0,0,0,0,0,0,1,0,0
0,0,1,1,1,0,1,0,0,1,0,1,0,0
0,0,0,0,0,0,0,0,0,0,0,0,1,0
0,0,0,1,1,1,0,0,0,1,1,0,0,0
0,1,0,0,1,0,0,0,1,0,1,0,0,0
1,0,0,0,1,0,0,0,0,0,0,1,0,0
1,0,1,0,1,1,0,0,1,0,0,1,0,0
1,0,0,0,0,0,0,0,0,0,0,0,0,0
0,0,0,0,0,0,0,0,0,0,0,0,1,0
1,0,0,0,0,0,0,0,0,0,0,0,0,0
0,0,0,0,0,0,0,0,0,0,0,1,0,0
0,0,0,0,0,1,0,0,0,0,0,0,0,0
0,0,0,0,1,0,0,0,0,0,0,1,0,0
0,0,0,0,1,1,0,0,0,0,0,0,0,0
1,0,1,0,0,1,1,1,1,0,0,0,0,0
0,0,1,0,0,1,0,0,0,0,0,0,0,0
1,0,0,0,0,0,0,0,0,0,0,0,0,0
1,1,1,1,1,1,1,1,1,1,1,1,1,1
0,0,0,1,1,0,1,0,0,0,0,1,1,0
0,1,1,1,1,1,1,0,0,1,0,1,1,0
0,0,0,0,0,0,0,0,0,0,0,1,0,0
1,0,1,1,1,1,1,1,0,1,0,1,1,1
0,0,0,0,0,0,0,0,1,0,0,0,0,0
0,0,0,0,0,0,0,0,0,0,0,1,0,0
0,0,1,0,0,0,1,0,0,0,0,0,1,0
1,1,1,1,0,1,1,0,1,0,0,1,1,0
1,0,0,0,0,0,0,0,0,0,1,1,0,1
1,0,0,1,0,1,0,0,0,1,1,1,1,0
1,0,0,1,0,1,1,1,1,1,1,1,0,0
0,0,1,0,0,0,0,0,0,0,0,0,0,0
1,1,1,1,1,1,1,1,1,1,1,1,0,0
0,1,0,1,0,0,0,0,0,1,0,1,0,0
1,1,1,1,0,0,1,1,0,1,0,1,0,0
1,1,1,1,1,1,1,1,1,1,1,1,0,0
0,0,0,0,0,0,0,0,1,1,0,0,0,0
1,1,1,1,1,1,1,1,1,1,0,1,1,1
0,1,0,1,1,0,0,0,0,1,0,1,0,0
1,1,1,1,1,0,0,1,1,1,1,1,0,0
0,0,0,0,1,1,0,1,1,1,0,0,0,0
0,0,1,0,1,1,1,0,0,0,0,0,0,0
0,0,0,0,1,0,0,0,0,0,0,0,0,0
0,0,0,0,1,0,0,0,0,0,0,0,0,0
0,0,0,0,0,0,0,0,0,1,0,0,0,0
1,0,0,1,1,0,1,1,0,0,1,0,0,0
0,0,0,0,0,0,0,0,0,0,0,1,0,0
1,1,0,1,1,1,1,1,0,1,0,1,0,0
1,0,1,0,0,0,0,0,0,0,0,0,0,0
1,1,1,0,0,1,1,0,1,1,1,0,0,0
1,1,1,1,0,1,0,1,1,1,1,1,0,1
0,0,0,0,0,0,0,0,1,0,0,0,0,0
0,1,0,1,0,0,0,0,0,0,1,0,0,0
0,0,0,0,1,0,0,0,0,0,0,0,0,0
1,1,1,1,1,1,1,1,1,1,1,1,0,0
1,1,1,1,1,1,1,1,1,1,1,1,1,1
0,0,0,0,0,0,0,0,1,0,1,0,0,0
0,0,1,0,0,1,1,0,1,0,0,1,0,0
1,0,0,0,0,0,0,0,0,1,1,1,0,0
1,0,0,0,0,0,0,0,0,0,0,0,1,0
0,0,0,1,0,1,1,0,1,1,1,0,0,0
0,0,0,0,0,0,1,0,0,0,0,0,0,0
0,1,0,0,0,0,0,0,0,0,0,0,0,0
0,0,0,0,0,0,1,0,1,0,1,0,0,0
0,0,0,1,0,0,0,0,1,0,0,0,0,0
1,1,0,1,0,0,0,0,0,0,0,0,0,0
0,0,1,0,0,0,1,0,0,0,0,0,0,0
1,0,0,1,0,0,1,0,1,1,1,1,0,0
0,0,0,0,0,0,0,0,1,1,1,0,0,0
0,1,1,1,0,0,0,0,0,0,0,0,0,0
1,0,0,0,0,0,0,0,0,0,0,0,0,0
0,0,0,0,0,0,0,0,0,0,0,1,0,0
0,0,1,0,0,1,0,0,0,0,0,0,0,0
0,0,0,1,0,0,0,0,1,0,0,0,1,0
1,1,0,1,1,0,1,0,1,0,0,1,0,0
1,0,0,1,0,0,0,0,0,0,0,1,0,0
1,0,0,1,0,1,0,0,1,0,0,0,0,0
0,0,0,1,0,0,1,0,1,1,0,1,0,0
1,0,0,0,0,0,0,1,1,0,0,0,0,0
1,0,1,0,1,1,1,0,1,0,0,1,1,0
1,1,0,0,1,0,0,1,0,1,0,0,0,0
0,0,0,0,0,0,1,0,1,1,0,1,0,0
0,0,1,0,1,0,0,0,0,1,1,0,0,0
0,0,0,0,1,0,0,1,0,0,0,0,0,0
0,0,0,0,0,0,0,0,1,0,1,1,0,0
0,0,1,0,0,0,0,0,1,0,0,0,0,0
0,0,0,0,0,0,0,0,0,0,1,0,0,0
0,1,0,0,1,0,1,0,1,0,0,0,0,0
0,1,0,0,1,0,0,0,0,0,0,0,0,0
1,1,1,1,1,1,1,1,1,1,0,1,0,1
0,0,0,1,0,0,1,0,0,0,0,0,0,0
1,0,0,0,0,0,0,0,1,1,1,1,1,0
0,1,0,1,1,0,1,0,0,0,0,1,0,0
0,0,0,0,0,0,0,0,0,1,1,0,1,0
0,1,0,1,1,1,0,0,0,1,0,0,1,0
1,0,0,1,1,0,0,1,0,0,0,1,0,0
1,1,1,1,1,1,1,1,1,1,1,1,1,1
0,0,0,0,0,0,0,0,1,1,0,0,0,0
0,0,1,0,0,0,0,0,0,0,0,0,0,0
0,0,1,0,0,1,0,0,0,0,0,0,0,0
1,1,1,1,1,1,1,1,0,0,0,1,1,0
1,1,1,1,0,1,1,0,1,1,1,0,0,0
1,0,1,1,0,0,1,1,0,0,0,0,0,0
0,0,0,0,1,0,0,0,0,0,0,0,0,0
0,1,0,0,0,0,0,0,0,0,0,0,0,0
1,1,1,1,1,1,1,1,1,1,1,0,0,0
1,0,1,0,0,1,1,0,0,0,0,0,0,0
0,0,1,1,0,0,0,1,0,0,0,0,0,0
1,1,1,1,1,1,1,1,1,1,1,1,1,1
0,0,0,0,0,0,0,0,0,1,0,0,0,0
0,1,1,0,0,0,0,0,0,0,0,0,1,0
0,0,0,0,0,1,0,0,0,0,0,1,0,0
0,0,0,0,0,0,0,0,0,0,0,1,0,0
1,0,1,0,1,1,0,0,0,0,1,1,0,0
0,1,0,1,1,1,1,1,0,0,0,1,1,0
0,1,1,0,1,1,1,0,1,1,0,1,1,0
1,1,1,1,1,1,0,1,1,1,0,1,0,0
1,1,1,1,1,1,1,1,1,1,1,1,1,0
0,0,0,0,0,0,1,0,1,0,0,0,0,0
1,0,0,0,0,0,1,0,0,0,0,0,0,0
1,0,1,0,0,0,0,0,0,0,0,0,0,0
0,0,0,0,0,0,0,0,0,0,0,0,1,0
0,0,0,0,0,0,0,0,0,0,0,1,0,0
1,0,1,1,1,0,1,0,1,0,1,1,0,0
0,1,0,0,0,0,0,1,1,1,1,0,0,0
0,1,1,1,0,0,1,1,1,1,0,1,1,0
1,1,1,1,1,1,1,1,1,1,1,1,0,0
0,0,0,1,0,0,0,0,0,0,0,1,0,0
1,0,0,0,0,0,0,0,0,0,0,0,0,0
0,0,0,0,0,0,0,0,0,1,0,0,0,0
0,0,0,0,0,0,0,0,0,1,0,1,0,0
0,0,0,0,1,1,0,0,0,1,0,0,0,0
0,0,0,0,1,1,0,0,1,1,1,1,0,0
0,0,0,1,1,0,0,0,0,0,0,0,0,0
0,0,0,1,1,0,0,0,0,0,0,0,0,0
1,1,1,1,1,1,1,1,1,1,1,1,1,0
0,0,1,0,1,0,0,0,0,1,0,0,0,0
0,0,0,0,0,0,0,0,0,0,1,1,1,0
1,1,0,0,0,0,1,0,1,0,0,0,1,0
1,0,0,1,1,0,0,0,0,0,0,0,0,0
0,0,0,0,1,1,0,1,0,0,0,0,0,0
1,0,1,1,1,1,1,0,1,0,0,1,1,1
1,1,1,1,1,1,1,0,0,0,0,1,0,0
1,0,1,0,0,0,0,1,0,0,0,0,1,0
1,0,1,0,0,0,1,0,1,0,1,1,1,1
0,0,0,0,0,1,0,0,0,0,0,0,0,0
0,0,0,1,0,0,0,0,0,0,0,0,0,0
1,1,1,1,1,0,1,1,1,1,0,0,0,0
1,1,1,1,1,0,0,0,0,0,0,0,0,0
0,1,1,1,1,1,1,1,1,1,1,0,1,0
0,0,1,0,0,0,0,0,0,0,0,0,0,0
1,0,1,0,0,0,1,0,1,0,1,0,0,0
1,1,1,1,1,1,1,1,1,1,0,1,1,1
0,0,0,1,0,0,0,0,0,0,0,0,0,0
1,0,1,0,1,0,1,1,0,0,1,1,1,0
0,1,1,0,0,0,1,1,1,1,0,0,1,0
0,0,0,0,0,0,1,0,0,1,0,0,0,0
1,0,1,1,1,1,1,0,1,1,0,1,0,0
0,0,0,0,1,0,0,1,0,0,0,0,0,0
0,0,0,0,1,0,1,0,0,0,0,0,0,0
0,0,0,0,1,0,0,1,1,1,0,1,0,0
1,1,1,1,0,1,1,0,1,1,1,1,0,0
1,1,1,0,1,1,0,0,1,1,1,1,1,0
1,0,1,1,0,0,1,0,0,0,0,0,1,0
0,0,0,0,0,0,0,0,0,0,0,1,0,0
0,0,0,0,0,0,0,0,1,1,0,1,0,0
1,1,1,0,1,0,1,0,0,0,0,0,0,0
0,0,0,0,0,0,0,0,0,0,0,1,1,1
0,0,1,1,0,0,1,0,1,1,1,1,1,1
0,0,0,0,1,0,0,0,0,0,0,0,0,0
1,1,1,0,0,0,1,0,0,1,0,0,0,0
1,1,1,1,1,1,1,0,1,0,1,0,1,1
0,1,0,0,1,1,0,1,0,0,0,0,0,0
0,0,0,0,0,1,1,0,0,0,0,0,0,0
0,0,0,0,0,0,0,0,1,0,0,1,0,1
1,0,0,0,0,0,1,0,0,0,0,0,0,0
1,0,0,1,1,0,1,0,0,0,0,0,0,0
1,0,0,1,0,1,0,0,0,0,0,0,0,0
1,0,0,0,0,0,0,0,0,0,0,1,0,0
0,0,1,0,0,1,0,0,0,0,0,0,0,0
1,0,0,1,0,0,1,0,0,1,0,1,0,1
1,1,1,1,1,1,1,1,1,1,1,1,0,0
1,1,1,0,0,1,0,0,0,0,0,0,0,0
0,0,0,1,0,0,1,0,0,0,0,0,0,0
1,1,1,1,1,1,1,1,0,1,1,0,0,0
1,1,1,1,1,1,1,1,1,1,0,1,1,0
0,0,1,1,0,0,0,0,1,0,0,0,0,0
0,0,0,0,0,0,0,0,0,0,0,1,0,0
0,0,0,1,0,0,1,0,0,0,0,0,0,0
0,0,0,0,0,0,0,0,0,0,0,1,0,0
1,0,0,0,0,1,0,0,0,0,0,1,0,0
1,0,0,0,0,0,0,0,0,0,0,0,0,0
0,0,0,0,0,0,0,0,0,0,0,1,0,0
0,1,0,0,1,0,0,0,0,1,0,0,0,0
0,0,0,1,0,0,1,0,0,0,0,1,0,0
1,0,1,1,1,1,1,0,1,0,0,1,0,0
0,0,0,0,0,0,0,0,0,0,1,0,0,0
0,0,0,0,0,0,0,0,0,0,0,1,0,0
0,0,0,0,1,0,0,0,1,0,0,1,0,0
0,1,0,1,1,0,0,1,0,0,0,0,0,0
0,1,0,1,0,0,0,0,0,1,1,1,0,0
0,0,0,0,0,0,0,1,0,0,0,0,0,0
1,0,1,1,0,1,1,0,0,0,0,0,0,0
1,0,0,0,0,0,0,1,1,0,0,1,0,1
1,0,1,1,0,1,1,0,0,0,1,1,0,0
1,0,0,1,0,1,0,0,1,1,0,1,0,0
0,0,0,1,0,0,0,0,0,0,0,1,1,0
1,1,1,1,1,1,1,1,1,1,1,1,1,0
0,0,0,0,0,0,0,0,0,0,0,0,1,0
0,0,0,0,0,0,0,0,0,1,0,0,0,0
1,0,0,1,1,1,1,1,1,1,1,1,0,0
0,0,0,0,0,0,0,0,1,0,0,0,0,0
1,1,1,0,1,0,1,0,0,0,0,1,0,0
1,0,1,0,0,0,1,0,0,0,0,0,0,0
0,0,0,0,0,0,0,0,0,0,0,0,1,0
1,0,1,0,0,0,1,0,1,1,1,1,0,0
1,0,1,1,1,1,1,1,1,1,1,1,1,1
0,0,0,0,0,0,1,0,0,0,0,0,0,0
0,0,1,0,0,0,1,0,0,0,0,0,0,0
0,0,0,0,1,1,0,1,0,0,0,0,0,0
0,0,0,0,0,0,0,0,1,0,0,0,0,0
1,0,0,0,0,0,0,0,0,0,0,0,0,0
1,0,1,0,0,0,1,0,1,0,1,0,0,0
1,1,1,1,1,1,1,1,1,1,1,1,1,1
1,0,0,0,0,0,0,0,1,0,0,0,0,0
0,0,1,0,0,0,0,0,0,0,0,0,0,0
1,0,0,0,0,0,0,0,0,0,0,0,0,0
0,1,1,0,1,1,1,1,0,0,0,0,1,0
1,1,1,1,1,1,1,1,0,1,1,1,1,0
0,0,0,0,0,0,0,0,0,0,0,1,1,0
0,0,1,0,0,0,0,0,0,0,0,0,0,0
0,0,0,1,0,1,0,0,1,0,0,0,0,0
1,1,1,0,1,1,1,1,0,0,0,0,0,0
1,1,1,1,1,1,1,1,1,1,0,1,1,0
1,1,1,1,1,1,1,1,1,1,1,0,1,0
0,0,0,0,0,0,1,0,1,0,0,0,0,0
1,1,1,1,1,1,1,1,1,1,1,1,1,1
0,0,0,0,1,1,0,0,0,0,0,0,0,0
0,1,1,0,0,0,0,0,0,1,0,0,0,0
1,0,1,0,0,0,0,0,0,0,1,1,0,0
0,0,0,0,1,0,0,0,0,0,0,0,0,0
1,0,0,1,0,0,0,0,0,0,0,0,0,0
0,0,0,0,0,0,0,0,0,0,0,1,0,0
0,0,0,1,0,1,0,0,1,0,0,0,0,0
1,0,0,0,1,1,1,1,0,1,0,1,0,0
1,0,0,0,0,1,1,1,1,1,0,0,0,0
1,0,0,1,0,0,0,0,0,0,0,0,0,0
0,0,0,0,0,0,0,1,0,0,0,0,0,0
0,1,0,1,0,1,0,1,0,1,0,0,0,0
0,1,0,0,1,0,0,0,0,0,0,0,0,0
1,0,1,1,1,1,1,1,0,0,1,1,0,0
0,0,0,0,0,0,1,0,0,1,0,0,0,0
0,0,0,0,0,0,0,0,0,0,0,1,0,0
0,0,0,0,0,0,0,0,1,0,1,1,0,0
0,1,0,1,0,0,0,0,0,0,0,0,0,0
1,0,0,0,0,0,0,0,0,0,0,1,1,0
1,0,1,1,1,0,1,0,0,1,0,0,0,0
0,0,0,0,1,0,0,1,0,1,0,0,0,0
0,0,0,0,0,0,0,0,0,0,1,0,0,0
1,1,1,0,1,0,1,0,1,1,1,1,0,1
0,0,1,1,1,0,0,0,0,0,1,1,1,0
0,0,0,0,1,0,0,1,0,0,0,0,0,0
1,1,1,1,1,1,1,1,1,1,1,1,1,0
0,0,0,0,1,0,0,0,0,0,0,0,0,0
0,0,0,0,0,0,0,0,0,0,0,1,0,0
1,0,0,0,1,0,0,1,0,0,0,0,0,0
0,0,1,0,0,0,0,0,0,0,0,0,0,0
0,0,0,0,0,1,0,0,0,0,0,0,0,0
1,0,0,0,0,0,0,1,0,0,0,0,0,0
0,0,0,0,0,0,0,0,1,0,0,0,0,0
0,0,0,1,0,1,0,0,0,1,0,0,0,0
1,1,0,0,1,1,0,0,0,0,0,0,0,0
0,0,0,0,0,1,0,0,0,0,0,0,0,0
1,0,1,1,1,1,1,1,1,1,0,1,1,0
0,0,0,0,0,0,0,0,1,1,0,1,0,1
1,0,0,0,0,0,0,0,0,0,0,0,0,0
0,0,1,0,0,0,1,0,0,1,0,0,0,0
1,0,0,0,0,0,0,0,0,0,0,0,0,0
0,0,1,0,0,0,0,1,0,0,1,0,0,0
0,1,0,0,0,0,0,0,0,0,0,0,0,0
0,0,0,0,1,0,1,0,0,0,0,0,0,0
0,0,1,0,0,0,0,0,0,0,0,0,0,0
0,0,0,0,0,0,0,0,0,1,0,1,0,0
1,1,0,0,0,1,0,0,1,0,1,1,0,0
0,0,0,0,0,0,0,0,0,0,1,1,0,0
1,0,0,0,1,0,0,1,0,0,0,0,0,0
0,0,0,0,1,0,0,0,0,0,0,0,0,0
1,1,1,1,1,1,1,0,1,0,1,0,0,0
1,0,0,0,0,0,1,0,1,0,0,0,0,0
0,0,0,0,1,1,0,1,0,0,0,0,1,1
1,0,1,1,1,1,1,1,1,1,1,1,0,0
0,0,0,0,1,0,0,0,0,0,0,0,0,0
1,0,1,0,0,1,0,0,0,0,0,0,0,0
0,0,0,0,0,1,0,0,0,0,0,0,0,0
0,0,0,0,0,0,0,0,0,0,1,1,0,0
0,0,0,0,0,0,0,0,0,0,1,0,0,0
0,0,1,1,1,1,1,1,0,0,0,0,0,0
0,1,1,0,1,1,0,1,1,1,1,1,1,1
1,0,1,0,1,0,0,1,0,0,0,0,0,0
0,0,0,0,0,0,0,1,0,0,0,0,0,0
0,0,0,1,0,1,0,1,0,0,0,0,0,0
1,1,0,0,0,0,0,0,1,1,0,0,0,0
0,0,0,1,0,0,1,0,0,0,0,0,0,0
0,0,0,0,0,0,0,0,0,0,0,1,1,0
0,0,0,0,0,0,0,0,1,0,0,1,1,1
0,0,1,0,0,0,1,0,0,0,0,0,0,0
0,1,0,0,0,1,1,0,0,0,0,1,0,0
1,1,1,1,1,1,1,1,1,0,1,1,0,0
1,1,1,1,1,1,1,0,0,0,1,1,0,0
1,0,0,0,0,0,1,0,0,0,0,0,0,0
1,1,0,0,0,0,0,0,0,0,0,0,0,0
0,0,0,0,0,0,0,0,0,1,0,0,0,0
1,0,0,0,0,0,0,0,0,0,0,0,0,0
1,1,1,0,1,1,1,1,0,0,0,0,0,0
0,0,0,1,1,1,0,0,0,0,0,0,0,0
0,0,0,0,0,0,0,1,0,0,0,0,0,0
1,0,1,0,1,1,0,1,1,1,0,0,0,0
1,1,1,1,1,1,1,1,0,1,0,0,0,0
0,0,0,1,0,1,0,0,0,0,0,1,0,0
1,1,1,1,1,1,1,1,1,1,1,0,1,0
0,0,0,0,0,0,0,0,0,0,1,1,0,0
1,1,1,0,1,1,0,1,1,1,0,1,0,0
1,1,0,0,1,0,0,0,1,1,1,1,0,0
0,1,0,0,1,1,0,0,1,0,1,1,0,0
0,1,1,0,0,0,0,0,0,0,1,0,0,0
1,1,1,1,1,1,1,0,1,1,1,1,0,0
0,0,0,0,0,0,0,0,0,1,0,0,0,0
1,1,1,1,1,1,1,1,1,1,0,0,0,0
0,1,1,1,1,1,0,1,0,1,1,0,0,0
1,1,1,1,1,1,1,1,1,1,1,1,1,1
0,0,0,0,0,0,0,0,0,1,0,1,0,0
0,0,1,0,0,0,1,1,0,0,0,0,0,0
0,0,0,0,1,1,0,0,0,0,0,0,0,0
0,0,0,1,0,0,0,0,0,0,0,0,0,0
0,1,1,1,1,1,1,1,1,1,0,0,0,0
0,0,0,1,0,0,0,0,0,0,0,0,0,0
1,0,0,0,0,0,0,0,0,0,0,0,0,0
0,0,0,0,0,0,0,0,0,0,1,0,0,0
0,0,0,0,0,1,0,0,0,0,0,0,0,0
1,1,1,1,1,1,1,0,1,1,0,0,0,1
0,0,0,0,0,0,0,0,0,0,0,0,0,1
1,0,0,0,0,0,0,0,0,0,0,0,0,0
0,1,1,0,0,0,0,0,0,0,0,1,1,0
1,0,0,1,1,0,0,0,1,1,0,0,0,0
1,1,1,1,1,1,0,0,1,0,0,1,0,0
0,0,0,1,1,0,1,0,0,1,0,1,1,0
0,0,0,1,1,0,0,0,0,0,0,0,0,0
1,1,1,1,1,1,1,1,1,1,1,0,0,0
0,0,0,0,0,0,0,0,0,0,0,1,0,0
0,0,0,1,0,1,1,0,1,0,0,1,0,0
1,1,1,1,1,1,1,1,0,0,0,0,0,0
0,0,0,0,1,0,0,0,0,1,1,0,0,0
0,0,0,0,1,1,0,0,1,1,0,0,0,0
0,0,0,0,0,0,0,0,0,1,0,0,0,0
0,0,0,0,0,0,1,0,0,0,0,0,1,0
0,0,0,0,0,1,1,0,0,0,0,0,1,0
1,0,0,0,0,0,0,0,0,0,0,1,0,0
0,0,0,0,0,0,1,0,0,0,0,0,0,0
1,1,1,1,1,1,1,1,1,1,1,1,1,1
0,0,0,0,0,0,0,0,0,0,0,0,1,0
0,0,0,0,0,0,0,0,1,0,0,0,0,0
1,1,0,1,1,1,1,1,1,1,1,1,1,1
0,0,1,0,0,0,0,0,0,0,0,1,0,0
0,0,0,1,0,1,1,0,0,0,0,0,0,0
0,0,0,0,0,0,0,0,0,0,1,1,0,0
1,0,1,1,0,0,1,0,0,0,0,1,0,0
0,0,0,1,0,0,1,0,0,0,0,0,0,0
1,1,1,1,1,1,1,1,1,1,1,0,1,0
0,0,1,1,0,1,1,0,1,0,0,0,0,0
1,1,1,1,1,0,1,1,1,1,1,1,0,0
0,0,0,0,0,0,0,1,0,0,0,1,0,0
0,0,1,0,0,0,0,0,0,1,0,0,0,0
1,1,1,0,1,1,0,0,0,0,0,0,0,0
1,0,0,1,0,1,0,0,0,1,0,0,1,0
0,0,0,1,1,0,0,1,0,0,0,1,0,1
1,0,1,0,0,0,0,0,1,0,0,0,0,0
0,0,0,0,0,0,1,0,0,0,0,1,0,0
0,1,0,0,1,0,0,1,0,0,0,0,0,0
0,0,1,0,0,0,1,0,0,1,1,1,1,0
0,1,0,1,0,0,1,0,1,0,1,1,0,0
1,1,0,0,0,0,0,0,0,0,0,0,0,0
1,1,1,1,1,1,1,1,1,1,1,0,0,0
0,0,0,0,0,0,0,0,1,0,0,0,0,0
0,1,0,0,1,0,0,0,0,0,0,0,0,0
1,1,0,1,0,0,1,0,1,1,1,1,0,0
1,0,1,0,0,0,0,1,0,0,0,0,0,0
1,1,0,0,1,0,0,1,0,0,0,1,0,0
0,0,0,0,0,0,0,0,0,0,0,1,0,0
1,1,1,1,1,1,1,0,0,0,0,1,0,0
0,0,0,0,0,0,0,1,0,0,0,0,0,0
0,0,0,0,1,0,1,0,0,0,0,0,1,0
1,0,0,0,0,1,1,0,0,0,1,0,0,0
0,0,0,0,0,0,0,1,0,0,0,0,0,0
0,1,0,0,1,0,0,0,0,0,0,0,0,0
0,0,0,1,1,1,0,0,0,0,0,0,0,0
1,1,1,1,1,1,1,1,1,1,1,1,1,1
1,1,0,0,1,0,1,1,0,0,0,0,0,0
0,0,0,0,0,1,0,0,0,0,0,0,0,0
0,0,0,0,0,0,0,0,0,1,0,0,0,0
0,0,1,0,0,0,0,0,0,0,0,0,1,0
0,0,0,1,1,0,0,1,0,0,0,0,0,0
1,0,0,0,1,1,0,0,0,1,0,0,0,0
1,0,0,0,0,0,0,0,0,0,0,0,0,0
1,0,0,1,1,1,0,0,0,1,0,0,0,0
0,0,0,0,0,0,0,0,0,0,0,0,1,0
0,1,0,1,0,0,0,0,0,0,0,0,0,0
1,1,1,1,1,1,1,0,1,0,1,1,1,1
0,0,0,0,0,0,0,0,0,1,0,1,1,1
1,1,0,0,0,1,0,0,0,0,0,0,0,0
1,0,0,1,1,1,0,1,0,0,0,0,0,0
1,0,1,1,1,1,1,0,0,1,0,0,0,0
0,0,0,0,1,0,0,0,1,1,1,1,0,0
0,0,0,0,0,0,0,0,0,0,0,1,0,0
0,0,1,0,0,0,0,0,0,0,0,0,0,0
0,0,1,1,0,1,1,0,0,1,0,1,0,0
0,0,1,0,1,1,0,0,1,1,1,1,0,0
1,1,1,1,1,1,0,0,1,0,0,1,0,0
0,1,1,1,0,0,1,0,0,0,0,0,0,0
0,0,1,1,1,0,1,0,0,1,0,0,0,0
1,0,0,0,0,1,0,0,0,0,0,0,0,0
1,0,1,0,1,0,0,0,0,0,1,0,0,0
1,1,1,1,1,1,1,1,1,1,1,1,1,1
1,1,1,1,1,0,1,0,1,1,1,0,1,0
0,0,0,1,0,1,0,0,0,0,0,0,1,0
0,0,0,1,0,1,0,0,0,0,0,0,0,0
0,0,0,0,0,0,1,0,1,0,0,0,0,0
0,0,0,1,0,1,0,0,0,0,0,0,0,0
0,0,0,1,1,0,1,0,0,1,0,0,0,0
1,1,0,1,0,0,1,0,0,0,0,0,0,0
1,0,1,0,0,0,0,0,0,1,0,0,0,0
0,0,0,0,1,0,0,1,0,0,0,0,0,0
0,0,1,0,0,0,0,1,0,1,0,0,1,0
1,0,0,0,1,0,1,0,1,1,0,1,0,0
0,0,0,0,1,0,0,1,0,1,0,0,0,0
0,0,0,0,0,1,1,0,0,1,0,1,0,1
0,0,0,1,0,0,0,0,0,0,0,0,0,0
0,0,0,1,0,0,0,0,1,0,0,0,0,0
1,0,0,1,1,0,0,0,0,1,1,0,0,0
1,0,0,0,0,0,0,0,0,0,0,0,0,0
0,0,1,1,0,0,1,0,1,0,0,0,0,0
1,0,0,0,0,0,0,0,0,0,0,0,0,0
0,1,1,0,1,1,1,0,1,0,1,1,0,0
0,0,0,0,1,1,0,1,0,0,0,0,0,0
1,0,0,1,0,1,0,0,0,1,0,1,0,0
0,0,1,0,0,1,0,0,1,0,0,1,0,0
1,0,0,0,0,0,0,0,0,0,0,0,1,0
1,1,1,0,1,1,1,1,0,0,0,1,0,0
0,0,0,0,0,0,0,1,1,1,0,0,0,0
0,0,0,0,0,0,0,0,1,0,1,1,0,0
1,1,1,1,1,1,1,1,1,1,1,1,1,1
0,0,1,0,1,1,0,0,0,1,0,0,0,0
0,0,0,0,0,0,1,0,0,0,0,1,0,0
1,0,1,1,0,0,1,0,0,0,0,0,0,0
1,0,1,1,1,1,1,1,1,1,1,1,0,0
0,0,0,1,0,0,0,0,0,0,0,0,0,0
0,1,1,1,0,0,0,0,1,0,1,1,0,0
1,0,0,1,1,0,1,1,0,1,0,0,0,0
1,0,0,0,1,0,0,1,0,0,0,0,0,0
1,1,0,1,1,0,0,0,1,0,1,1,1,1
1,1,1,1,0,1,1,0,0,0,0,1,1,1
1,0,1,0,0,0,1,1,0,1,0,1,1,0
0,0,0,0,0,0,1,0,0,0,0,0,0,0
0,0,1,0,0,1,0,0,0,0,0,0,0,0
1,0,1,1,0,1,1,0,0,0,0,1,1,0
0,0,0,0,0,0,0,0,0,1,1,0,1,0
1,0,0,0,1,0,0,0,0,0,0,0,0,0
0,0,1,1,0,0,0,0,1,0,0,1,0,0
1,0,0,1,0,1,0,0,1,0,0,0,0,0
0,0,0,0,0,0,0,0,0,0,0,1,0,0
0,0,0,0,1,0,1,0,1,0,0,0,0,0
1,1,1,1,1,1,1,1,0,1,1,1,0,0
1,1,1,1,1,0,1,0,1,1,1,1,1,1
0,0,0,1,1,1,1,0,0,0,0,0,0,0
0,1,0,1,0,1,0,0,0,1,0,0,1,0
0,0,0,0,0,0,0,0,0,1,1,1,0,0
0,0,0,0,0,0,0,0,0,0,0,1,1,0
0,0,1,1,0,1,0,0,0,0,1,0,0,0
1,0,1,1,0,0,0,0,0,0,0,0,0,0
1,1,1,1,1,1,1,1,1,1,1,1,1,0
0,0,0,0,1,1,0,1,1,0,1,1,0,0
0,0,0,0,0,0,0,0,0,0,0,1,0,0
1,1,0,1,1,1,0,0,0,0,1,1,1,0
1,1,1,1,0,1,1,0,0,0,0,0,0,0
1,0,1,0,0,0,0,0,0,1,0,1,0,0
0,1,0,1,0,1,0,0,0,0,0,0,0,0
0,1,1,0,1,1,0,0,1,1,1,1,0,0
1,1,0,1,1,1,0,0,0,1,1,0,1,0
0,0,0,0,0,0,0,0,1,0,0,0,0,0
1,1,0,1,1,0,0,0,1,0,1,1,0,0
1,0,0,1,1,1,1,0,1,0,0,0,0,0
0,0,0,0,0,0,0,0,0,1,0,0,0,0
0,1,0,1,0,1,0,0,1,0,1,1,1,0
1,0,0,1,0,0,1,0,0,0,0,0,0,0
1,0,1,0,0,1,0,1,0,0,0,0,0,0
1,1,0,1,1,1,1,1,1,1,1,1,1,1
1,0,1,1,0,1,1,0,0,0,0,0,0,0
0,1,0,0,0,0,1,0,0,0,0,0,0,0
1,0,1,0,1,1,0,0,0,0,0,0,0,0
1,1,1,1,0,1,1,0,1,0,1,1,1,1
0,0,0,0,1,1,0,0,0,0,0,0,0,0
1,1,1,1,1,1,1,0,0,0,0,0,0,0
0,0,0,0,0,0,0,0,0,0,0,0,1,0
0,0,1,0,0,0,1,0,0,1,0,0,0,0
1,1,1,1,1,1,1,1,1,1,1,1,1,1
0,0,0,0,0,1,0,0,0,0,0,0,0,0
0,1,0,1,0,0,0,0,0,0,1,1,0,0
1,0,1,1,0,0,1,0,0,0,0,0,0,0
0,1,0,1,0,0,0,0,1,0,0,0,0,0
0,0,1,0,1,1,0,0,0,0,0,0,0,0
1,0,0,1,1,1,1,0,0,0,0,1,1,1
0,0,0,0,1,0,0,0,0,0,0,0,0,0
1,1,0,1,1,0,1,1,1,0,0,0,0,0
1,0,0,0,1,0,1,0,0,0,0,1,0,0
0,0,1,0,0,0,0,0,0,0,0,0,1,0
0,1,0,0,1,0,0,0,0,0,0,1,0,0
1,1,1,1,0,0,1,1,0,0,0,0,0,0
1,1,1,1,1,1,1,1,1,1,0,1,0,0
0,1,0,0,1,0,0,0,0,0,0,0,0,0
0,1,0,1,1,0,1,0,0,0,0,0,0,0
1,0,1,0,0,0,0,0,0,0,0,0,0,0
0,0,0,0,0,0,1,0,0,0,0,0,0,0
0,1,1,1,0,0,0,0,0,0,0,0,0,0
0,0,0,0,1,0,1,1,0,0,0,1,1,0
0,1,0,1,0,0,1,0,1,0,0,0,0,0
0,1,0,0,0,0,0,1,0,0,0,0,0,0
1,0,1,0,0,0,1,0,1,0,1,1,0,0
1,0,1,1,1,1,1,0,1,1,1,1,0,0
1,1,1,1,1,1,1,1,1,1,1,1,1,1
0,0,0,0,0,0,0,0,0,0,0,1,0,0
1,0,0,0,0,0,0,0,1,0,0,1,0,0
0,0,0,1,0,1,0,0,1,1,0,1,0,0
1,0,0,0,0,0,0,0,0,0,0,1,0,0
0,0,1,1,0,0,0,0,0,1,1,0,0,0
0,0,0,0,0,0,0,0,0,1,0,0,0,0
0,0,0,1,1,1,1,1,0,0,0,0,0,0
1,1,1,1,1,1,1,0,1,0,1,1,1,1
0,0,0,1,0,1,0,0,1,0,0,1,0,0
0,0,0,0,0,0,0,0,0,0,0,1,1,0
0,0,1,0,0,0,0,0,0,0,0,0,0,0
1,0,1,0,0,0,1,0,0,0,0,0,0,0
1,1,1,1,1,1,0,0,1,0,0,0,0,0
0,0,0,1,1,0,1,0,1,0,0,0,0,0
0,1,1,0,0,0,0,0,0,1,0,0,0,0
0,1,0,0,1,0,0,0,0,1,0,0,0,0
0,0,1,0,0,0,0,0,0,0,0,0,0,0
1,0,1,0,0,0,1,0,0,0,0,0,0,0
0,0,0,0,0,0,0,0,0,1,0,0,0,0
0,0,0,0,1,0,1,0,0,1,0,0,0,0
0,0,1,0,0,0,0,0,0,0,0,0,0,0
0,0,0,0,0,0,0,0,1,0,1,0,0,0
1,1,0,1,1,1,0,1,0,0,0,0,0,0
1,0,0,1,0,0,0,1,0,1,1,1,0,0
0,0,1,0,0,0,0,0,1,1,0,1,0,1
0,0,0,0,1,0,0,0,0,0,0,0,0,0
0,0,0,1,0,0,0,0,0,0,0,0,1,0
1,0,1,1,1,1,0,1,0,1,1,0,0,0
1,1,1,1,1,1,1,1,1,1,1,1,0,0
1,0,1,1,1,1,1,1,1,1,1,1,1,0
0,0,0,0,0,0,0,0,0,1,0,1,0,1
1,1,1,1,1,1,1,1,1,1,1,1,0,0
1,1,1,1,1,1,1,0,1,1,1,1,1,0
0,1,0,1,1,0,0,0,0,0,1,1,0,0
0,0,0,0,1,0,0,1,0,0,0,0,0,0
1,1,1,1,0,1,1,0,1,0,1,0,0,0
1,1,1,1,1,1,0,1,1,1,1,1,0,0
1,1,1,0,1,1,1,0,1,1,0,0,0,0
0,0,0,0,1,0,0,0,0,0,0,0,0,0
1,1,0,0,1,0,1,1,0,0,0,0,0,0
0,1,1,1,1,0,0,0,0,0,1,0,1,0
1,1,1,1,1,1,1,1,0,1,0,1,1,0
1,1,1,1,1,0,1,0,1,1,1,1,0,0
1,0,1,1,1,1,1,1,1,1,0,0,0,0
0,0,0,0,0,0,1,0,0,0,0,0,0,0
1,1,1,1,1,1,1,0,0,0,0,0,0,0
0,0,1,1,1,1,0,0,1,1,0,0,0,0
1,0,0,0,0,0,0,0,0,0,0,1,1,1
1,1,1,1,1,1,1,1,0,1,1,1,1,1
1,1,1,1,1,1,1,1,1,1,1,1,1,1
1,1,0,1,1,1,0,0,0,1,0,1,0,0
1,0,1,1,1,1,1,1,1,1,1,1,1,1
0,1,1,0,1,0,0,1,0,0,0,0,0,0
1,1,1,1,1,1,1,1,1,1,0,1,0,0
0,0,1,0,1,1,0,1,0,0,1,0,0,0
1,0,0,1,0,0,1,0,0,0,0,1,0,0
0,1,0,0,1,0,0,1,0,0,0,0,0,0
0,1,1,0,1,1,0,1,1,1,1,1,0,0
0,0,1,0,0,1,0,0,0,0,0,0,0,0
0,0,0,1,1,0,1,1,0,0,0,0,0,0
1,0,0,0,0,0,1,0,0,0,0,1,0,1
1,0,1,1,1,0,1,1,1,0,0,1,0,0
0,0,1,0,0,0,0,0,0,0,0,0,0,0
1,0,1,0,1,0,1,1,0,0,0,1,0,0
0,0,0,0,1,0,0,0,0,0,0,0,0,0
0,0,1,0,0,1,0,0,0,0,0,1,0,0
1,0,0,0,0,1,1,0,0,0,0,1,0,0
1,1,1,0,1,0,1,0,0,0,1,0,1,0
1,0,0,0,0,0,0,0,0,0,0,0,0,0
1,1,1,1,1,1,1,1,1,1,1,1,0,0
0,0,0,1,0,0,0,0,0,0,0,0,0,0
0,0,0,0,0,0,0,0,0,0,0,1,0,0
1,0,0,0,0,0,0,0,0,0,0,0,0,0
1,1,1,1,1,0,1,1,0,1,0,1,0,0
0,0,0,0,0,1,0,0,0,0,0,0,0,0
1,0,1,1,1,1,1,1,0,1,0,1,1,1
0,0,1,0,0,1,1,0,0,1,1,0,1,0
1,0,1,0,0,1,0,0,1,1,0,1,1,0
1,1,0,1,0,0,1,0,1,1,1,1,1,0
1,0,1,0,1,0,1,0,0,1,0,0,0,0
0,0,1,0,0,1,0,0,1,1,0,0,0,0
0,1,1,0,0,0,1,0,0,0,0,1,0,0
1,1,1,1,1,1,1,1,1,1,1,0,0,0
1,1,1,1,1,1,1,1,1,1,1,1,1,1
1,1,1,1,1,1,1,0,1,1,1,1,0,0
1,0,1,1,1,0,0,0,0,0,0,1,1,0
0,0,0,0,0,0,0,0,0,0,0,1,0,0
1,0,0,1,0,0,1,0,0,0,1,0,0,0
0,0,0,0,1,1,0,0,0,0,0,0,0,0
0,0,0,0,0,0,0,0,0,1,1,1,0,0
1,0,0,1,1,0,0,0,0,0,1,0,0,0
0,1,1,1,1,1,0,0,0,0,0,0,0,0
1,0,1,1,0,1,1,0,0,0,0,0,0,0
0,0,0,0,0,0,0,1,0,0,0,0,0,0
1,0,0,1,1,0,1,0,0,0,0,1,0,1
0,0,0,0,0,0,0,0,0,0,1,0,0,0
1,1,0,1,1,1,0,1,1,1,0,1,1,1
1,0,0,1,1,1,0,0,1,0,0,0,0,0
1,1,1,1,1,1,1,1,1,1,1,1,1,1
1,1,1,0,0,0,1,0,0,1,0,0,0,0
1,1,1,1,1,1,1,1,1,1,1,1,0,1
1,0,0,1,0,1,1,1,1,0,1,1,1,1
0,0,0,1,1,1,0,0,1,0,0,0,0,0
0,0,0,0,0,0,0,0,0,1,0,0,0,0
0,0,0,1,0,0,0,0,0,0,0,0,1,0
1,0,1,1,0,0,1,0,0,0,0,1,0,0
1,0,1,1,1,1,1,1,1,1,1,1,1,0
0,1,0,0,0,0,0,1,0,0,0,1,1,0
0,0,0,0,0,0,0,0,0,1,0,0,0,0
1,0,1,1,1,1,1,1,1,1,1,1,1,1
1,0,0,0,1,0,1,0,0,0,0,0,0,0
1,0,1,0,1,1,0,0,0,0,0,0,0,0
0,0,0,1,1,1,1,0,0,0,0,0,0,0
0,1,1,1,1,0,0,1,0,0,0,1,0,0
0,0,0,0,1,0,0,0,0,0,0,0,0,0
1,1,1,1,1,1,1,1,1,1,1,1,1,1
0,0,0,0,0,0,0,0,0,0,0,0,1,0
0,0,1,0,1,0,0,0,0,0,0,0,0,0
0,0,1,0,1,1,1,0,0,0,0,1,1,0
1,1,1,1,1,1,1,1,1,1,1,1,1,1
0,0,0,0,0,0,0,0,0,1,0,0,0,0
1,0,0,0,0,0,0,0,1,0,0,0,0,0
1,0,0,0,1,1,0,1,1,0,0,1,0,0
1,1,1,1,0,1,0,1,0,0,0,0,0,0
0,0,1,1,1,1,0,1,1,0,0,0,0,0
1,0,0,0,0,0,0,0,0,0,0,0,0,0
1,0,0,1,1,1,0,0,0,1,1,1,0,0
1,1,1,1,1,1,0,1,1,1,1,1,0,0
1,0,0,1,1,0,1,1,0,1,1,0,0,0
0,1,1,1,1,1,1,0,1,1,1,1,0,0
1,0,1,1,1,0,1,0,0,0,0,0,0,0
0,0,0,0,0,1,0,0,0,0,1,0,0,0
1,0,0,0,0,0,1,0,0,0,0,0,0,0
0,0,1,0,0,0,0,0,0,0,0,0,0,0
0,1,1,0,1,1,0,0,0,0,0,1,1,0
1,0,0,0,0,0,0,0,0,0,0,0,0,0
0,0,0,0,0,1,0,0,0,0,0,0,0,0
0,0,0,0,0,0,0,0,0,0,1,0,0,0
1,0,0,0,0,0,0,0,0,0,0,0,0,0
1,0,1,1,0,0,1,0,0,0,0,0,0,0
0,0,0,0,0,0,0,0,0,1,1,1,0,1
0,1,0,0,1,0,0,1,0,0,0,1,0,0
0,0,0,0,0,0,0,0,0,0,0,0,1,0
0,0,0,1,0,0,0,1,0,0,0,0,0,0
0,0,1,0,0,0,1,0,0,0,0,0,0,0
1,1,0,0,1,0,1,0,1,0,1,1,1,1
1,0,0,0,0,0,1,0,0,0,0,0,0,0
1,0,1,0,1,1,0,0,0,0,0,0,0,0
0,0,0,0,0,1,0,0,0,0,0,0,0,0
1,1,1,1,1,1,1,1,1,0,1,1,1,1
0,0,0,0,0,0,0,0,0,1,0,0,0,0
0,0,0,0,1,0,0,1,0,0,0,0,1,0
1,0,0,1,1,1,0,1,0,0,0,0,0,0
0,0,0,0,0,0,0,0,0,0,0,1,0,0
1,0,0,1,0,0,0,0,0,0,0,0,0,0
0,0,0,0,0,0,0,0,0,0,0,0,1,0
0,0,1,0,1,1,0,0,0,0,0,0,0,0
0,0,0,1,0,0,1,0,0,1,0,0,0,0
0,0,1,0,0,0,0,1,0,0,0,1,1,1
0,0,0,0,0,0,0,1,1,0,0,0,1,0
0,0,1,0,0,0,0,0,0,0,0,0,0,0
0,1,0,0,1,0,0,0,0,1,0,1,1,1
0,0,0,0,0,0,1,0,0,0,0,0,0,0
1,0,0,0,1,0,1,1,1,0,0,1,1,0
1,1,1,1,1,1,1,1,1,0,0,1,1,0
0,0,0,0,1,0,0,1,1,1,0,0,0,0
0,0,0,1,0,0,0,0,1,0,0,1,1,0
1,1,0,1,1,0,0,1,1,1,1,1,1,1
0,1,0,1,0,0,0,0,0,0,0,0,0,0
0,1,1,1,1,1,0,1,1,1,1,0,0,0
0,0,0,0,0,1,0,0,0,0,0,0,0,0
1,0,0,1,0,0,0,0,1,0,1,1,0,1
1,0,1,1,0,1,1,0,1,1,0,0,0,0
0,0,0,1,0,1,0,0,1,1,1,0,0,0
0,0,0,0,0,0,0,0,1,0,1,0,0,0
1,1,1,1,1,1,1,1,0,1,1,0,0,0
1,1,0,0,0,1,0,1,0,1,1,1,0,1
0,0,0,1,0,0,1,0,0,0,0,0,0,0
0,0,1,0,0,0,1,0,0,1,0,1,0,0
1,0,0,0,0,0,1,0,1,1,1,1,0,0
1,0,1,0,0,1,0,0,0,0,0,0,0,0
0,0,0,0,0,0,0,0,1,0,0,0,0,0
0,0,0,0,1,0,0,0,0,0,0,0,0,0
1,0,1,1,1,1,1,0,1,1,1,1,1,0
1,1,1,0,0,0,1,1,0,0,0,1,0,0
0,0,0,0,0,0,0,1,1,0,0,0,0,0
0,0,0,0,0,1,0,1,0,0,1,0,0,0
0,1,1,0,0,0,0,0,0,0,0,0,0,0
0,0,0,0,0,0,0,0,0,0,0,1,1,0
0,0,1,1,1,0,1,0,0,0,0,1,0,0
0,0,0,0,0,0,0,0,0,0,0,0,1,0
1,0,0,0,0,0,0,0,0,0,0,0,0,0
0,1,0,1,1,0,0,0,1,1,0,1,0,0
1,0,1,0,1,1,1,1,1,1,1,1,1,1
1,0,0,0,0,0,0,0,0,0,0,0,0,0
1,1,1,1,1,1,1,1,1,1,1,1,0,0
0,1,0,0,1,0,0,0,0,0,0,1,1,0
0,1,0,0,0,1,0,0,0,0,0,0,0,0
1,0,0,0,0,0,0,0,0,0,0,0,1,0
1,1,1,1,1,1,1,1,0,0,1,1,0,0
0,0,0,0,0,0,0,0,1,0,1,1,0,0
1,0,1,1,0,1,0,0,0,1,0,0,0,0
1,1,1,1,1,1,1,1,1,1,0,0,1,0
0,0,1,1,0,0,0,1,0,1,0,0,0,0
1,1,1,0,0,1,1,1,1,1,0,1,0,0
0,0,1,1,1,1,0,0,0,0,1,1,1,0
1,0,0,0,0,0,0,0,0,0,0,0,0,0
0,0,0,0,0,0,1,0,0,0,0,0,0,0
0,0,0,0,1,0,0,0,0,0,0,0,0,0
0,0,0,0,0,0,0,0,1,0,0,0,1,0
0,0,0,1,0,0,1,0,0,0,0,1,1,0
0,0,0,1,0,0,1,0,0,0,0,1,0,0
1,0,0,1,1,0,0,1,0,0,1,1,1,0
1,0,0,1,0,1,0,0,0,0,0,0,0,0
1,1,1,1,1,1,1,1,1,1,1,1,1,0
1,0,1,1,0,0,0,0,0,0,0,1,1,0
0,0,0,0,0,0,0,0,0,0,0,1,0,0
0,0,1,0,0,0,0,0,0,1,0,0,0,0
0,0,1,0,0,1,1,0,1,1,1,1,1,0
1,1,1,1,1,1,0,0,1,0,1,1,0,1
1,0,1,0,0,0,0,0,1,1,1,1,1,1
1,1,1,1,0,1,0,0,1,0,0,1,1,0
1,1,1,1,1,1,1,1,1,1,1,1,1,0
0,1,1,1,1,1,0,0,1,1,0,0,0,0
1,0,1,1,0,1,1,1,0,0,0,0,1,0
0,0,1,0,1,1,0,1,0,0,0,0,0,0
1,0,1,1,0,0,0,0,1,0,1,1,1,1
0,0,0,0,0,0,0,0,1,0,0,0,0,0
1,1,1,1,0,1,1,1,1,1,1,1,1,1
1,0,0,1,0,0,0,1,0,1,1,1,0,0
1,0,1,0,0,0,1,0,1,1,1,1,0,0
1,0,1,0,1,0,0,0,0,0,1,1,0,0
1,1,1,1,1,1,1,1,1,1,1,1,1,1
1,0,0,1,0,0,0,0,0,0,0,0,0,0
0,0,0,0,0,1,0,0,0,0,0,0,0,0
0,0,0,0,0,0,0,0,1,1,0,0,0,0
1,0,1,1,1,1,1,1,1,1,1,1,0,0
0,0,1,0,0,0,0,1,0,0,0,1,0,0
1,1,1,1,1,0,1,0,0,1,0,0,0,0
0,0,0,1,1,0,0,0,1,0,0,0,0,0
0,0,0,0,1,1,1,1,0,0,0,0,0,0
1,0,0,0,1,0,0,0,0,0,0,0,0,0
0,0,0,0,0,0,0,0,1,1,1,1,0,0
1,1,1,1,1,1,1,0,1,1,1,1,1,0
1,0,1,1,0,1,0,0,1,0,0,0,0,0
0,0,0,0,0,0,1,1,1,0,0,1,0,0
1,0,1,1,0,1,1,0,1,0,1,0,0,0
0,0,0,0,0,0,0,1,0,0,0,1,0,0
0,0,0,0,0,0,0,0,0,1,0,0,0,0
1,1,1,1,1,1,1,1,1,1,1,1,1,1
1,0,1,0,1,0,0,0,0,0,0,1,0,0
0,1,0,0,1,0,0,1,0,0,0,0,0,0
0,0,1,0,0,0,0,0,0,0,0,0,0,0
0,0,0,0,1,0,0,0,0,0,0,0,0,0
0,0,0,0,0,0,0,0,0,0,1,0,0,0
0,0,0,1,1,1,0,1,0,0,0,0,0,0
0,0,1,0,1,1,0,0,0,1,0,0,0,0
1,0,1,1,1,1,0,1,0,0,1,0,0,0
1,0,1,1,1,0,1,0,1,1,1,1,0,0
0,0,0,0,0,1,0,0,0,0,0,0,0,0
0,1,0,1,1,0,0,0,1,0,0,0,0,0
1,1,1,1,1,1,1,1,1,1,1,1,0,0
1,0,1,1,1,1,1,0,0,1,0,1,0,0
1,0,1,0,1,1,1,0,0,0,0,0,0,0
0,0,0,0,0,0,0,0,1,0,0,0,0,0
0,0,0,0,0,0,0,1,0,0,0,0,0,0
0,0,1,0,0,0,0,1,0,0,0,0,1,0
1,1,0,1,1,1,1,0,1,1,0,0,0,0
0,0,1,0,0,0,0,0,0,0,0,1,0,0
0,0,0,0,1,1,0,0,0,0,1,0,0,0
0,1,0,0,0,0,1,0,0,0,0,0,0,0
0,0,0,0,0,1,0,1,0,0,0,0,0,0
0,0,1,1,1,0,0,0,0,1,0,0,0,0
0,0,0,0,0,0,0,0,0,1,0,0,0,0
0,0,0,1,1,1,0,1,0,1,1,1,0,0
0,0,0,1,1,1,0,0,0,1,1,1,1,0
0,0,1,0,0,0,1,0,0,0,0,0,0,0
0,1,0,0,1,0,0,0,0,0,0,1,0,0
0,0,1,0,0,0,0,0,0,0,0,0,0,0
0,0,0,1,0,1,0,1,0,0,0,0,0,0
0,0,0,0,0,0,0,0,0,0,1,1,0,0
0,0,0,0,1,0,1,0,0,0,0,0,0,0
0,0,0,0,0,1,0,0,0,0,0,0,1,0
1,1,1,1,1,1,1,1,1,1,0,1,1,1
0,0,0,0,0,0,0,0,0,0,1,0,0,0
0,0,1,0,0,0,0,0,0,0,0,0,0,0
0,0,0,0,0,1,0,0,0,0,0,0,0,0
1,0,1,0,1,1,1,0,0,0,1,0,1,0
1,0,1,1,1,1,1,0,0,0,0,0,0,0
1,0,1,0,0,0,0,0,0,1,0,1,1,0
0,0,0,1,1,0,1,0,0,0,0,0,0,0
1,0,1,0,1,1,0,0,0,1,0,0,1,0
0,0,0,1,0,0,1,0,1,1,1,1,0,0
1,1,1,0,1,0,1,1,0,0,0,1,0,0
0,0,1,0,0,0,0,0,1,1,0,0,0,0
1,0,0,1,0,0,0,0,0,0,0,0,0,0
0,0,0,1,0,0,0,1,0,1,0,0,0,0
1,0,0,0,0,0,0,1,0,0,0,0,0,0
1,0,1,1,0,1,1,0,1,1,1,1,0,0
1,0,1,1,1,1,0,1,0,0,0,0,0,0
0,0,1,0,0,1,0,0,1,0,1,0,0,0
1,0,0,1,1,1,0,0,0,1,1,1,0,0
1,0,1,0,1,1,1,1,0,0,0,0,0,0
0,0,0,0,0,0,0,0,0,0,0,1,0,0
0,0,1,0,0,1,0,0,0,0,0,0,0,0
1,0,0,0,0,0,0,0,0,0,0,0,1,0
1,0,1,1,0,1,1,0,1,1,1,1,0,0
1,1,1,1,1,1,1,1,1,1,1,1,0,0
1,1,0,0,1,0,0,1,1,0,0,0,0,0
0,0,0,0,0,0,1,0,0,0,0,0,0,0
1,0,0,1,0,0,1,0,1,1,1,1,1,0
1,0,0,0,0,0,0,0,0,0,0,0,0,0
0,0,0,0,0,0,0,0,0,0,0,0,1,0
0,0,0,0,0,0,0,0,0,0,0,1,0,0
1,1,1,1,1,1,1,1,1,1,1,1,1,1
