"Apple","Buttermilk","Cherry","Chocolate","Coconut cream","Key lime","Peach","Pecan","Pumpkin","Sweet potato"
1,0,0,0,0,0,0,0,0,0
1,0,0,1,0,0,0,0,1,0
1,0,1,0,0,0,1,1,1,1
0,0,0,0,0,0,0,1,1,0
1,0,0,0,0,0,0,0,1,0
0,0,0,0,0,0,0,0,0,1
1,0,0,0,0,0,0,0,1,0
0,0,0,1,0,0,0,0,0,0
1,1,0,0,0,0,0,0,1,1
0,1,0,0,0,0,0,0,1,1
1,0,0,1,0,0,0,1,0,0
0,0,1,0,0,0,1,0,1,0
1,0,1,1,0,0,0,0,1,0
0,0,0,1,0,0,0,1,1,0
0,0,0,0,0,0,0,0,0,1
0,0,1,0,0,0,0,1,0,0
0,0,0,0,0,0,0,0,1,0
1,0,0,0,0,0,0,1,1,0
1,0,0,0,0,0,0,0,1,0
0,0,0,0,0,0,0,0,1,0
0,1,1,1,1,0,0,0,0,0
1,1,1,0,0,0,0,0,0,0
0,0,0,0,0,0,0,1,1,0
1,0,1,1,1,1,1,1,1,1
1,0,0,0,0,0,0,0,1,0
1,0,0,0,0,0,0,0,1,0
1,0,0,1,0,0,0,0,1,0
1,0,0,0,0,0,0,0,1,0
0,0,0,0,0,0,0,0,1,0
1,0,0,0,0,0,1,0,1,0
0,0,0,0,0,0,0,0,1,0
1,0,0,1,0,0,0,1,0,0
0,0,0,0,0,0,0,1,1,0
1,0,0,1,1,1,0,1,1,1
1,0,0,0,1,0,0,1,1,1
1,0,0,1,0,0,1,0,1,0
0,1,0,0,0,0,0,1,0,0
0,0,0,1,0,0,0,1,1,0
0,0,0,0,0,0,0,0,1,0
1,0,0,0,0,0,0,0,1,1
1,0,1,0,0,0,0,1,1,1
0,0,0,0,0,0,0,0,1,0
0,0,0,0,0,0,0,1,1,0
0,0,0,0,0,0,0,0,1,0
0,0,0,0,0,0,0,1,1,0
1,0,0,0,0,0,0,0,1,0
0,0,0,1,0,0,0,1,1,1
0,0,0,0,0,0,0,1,1,0
1,0,0,0,0,0,0,0,1,0
1,0,0,1,0,0,0,0,1,0
1,0,0,0,0,0,0,0,1,0
0,0,0,0,0,0,0,1,0,1
0,1,0,0,0,0,0,0,0,0
1,0,0,1,0,0,0,0,1,0
0,0,0,0,1,0,0,0,0,0
1,0,0,0,0,0,0,0,1,0
0,0,0,0,0,0,0,1,1,0
1,0,0,0,0,0,0,0,1,0
0,0,0,0,0,0,0,0,0,0
1,0,0,1,0,0,0,0,1,0
0,0,0,0,0,0,0,1,0,0
1,0,1,1,0,0,0,1,1,1
1,0,0,0,0,0,0,0,1,0
0,0,0,0,0,0,0,0,1,0
0,0,0,0,0,0,0,1,0,0
1,0,0,0,0,0,0,0,1,0
1,0,0,0,0,0,0,0,1,1
0,0,0,0,0,0,0,0,0,0
0,0,0,0,0,0,0,0,0,0
0,0,0,0,0,0,0,0,1,0
1,0,0,0,0,0,0,0,0,0
1,0,0,0,0,0,0,0,1,0
1,0,0,0,0,0,0,0,1,0
1,0,0,0,0,0,0,0,1,0
0,0,0,0,0,0,0,1,1,0
0,0,0,1,0,0,0,1,0,1
1,0,0,0,0,0,0,0,0,0
1,0,1,0,1,0,0,1,1,0
0,0,0,0,0,0,0,0,1,0
0,0,1,1,0,0,0,0,0,0
0,0,0,0,0,1,0,1,0,1
1,0,1,0,0,0,1,0,0,0
0,0,0,0,0,0,0,1,0,1
1,0,0,0,0,0,0,0,0,1
1,0,0,0,0,0,0,0,1,0
1,0,0,0,0,0,0,1,1,0
1,0,0,0,0,0,0,1,0,0
1,0,1,0,0,0,0,1,1,0
1,0,1,1,0,1,0,1,1,0
0,0,0,0,0,0,0,1,1,0
0,0,0,0,0,0,0,0,1,0
1,0,0,0,0,0,0,0,1,1
0,0,0,1,0,0,0,1,1,0
0,0,0,0,0,0,0,0,0,0
0,0,0,0,0,0,0,1,1,0
1,0,0,0,0,0,0,0,0,0
1,0,0,0,0,0,0,1,1,0
1,0,0,0,0,0,0,0,0,0
1,0,0,0,0,0,0,1,1,0
1,0,0,1,0,0,0,0,1,0
1,0,0,0,0,0,0,0,1,0
1,0,0,0,0,0,0,0,1,0
0,0,0,1,0,0,0,0,1,0
0,0,0,0,0,0,0,0,1,0
1,0,1,0,0,0,0,1,1,0
1,0,0,0,0,0,0,0,0,0
1,0,0,1,0,0,0,0,1,0
1,0,0,0,0,0,0,0,1,0
0,0,0,0,0,0,0,0,0,0
1,0,1,0,0,0,0,1,1,0
0,0,0,0,0,0,0,0,1,0
1,0,0,0,0,0,0,0,1,0
1,0,0,0,0,0,0,0,1,0
0,0,0,0,0,0,0,0,1,0
0,0,0,0,0,0,0,0,0,0
0,0,0,0,0,0,0,0,1,0
0,0,0,0,0,0,0,1,1,0
1,0,1,0,0,0,0,0,1,0
0,0,0,0,0,1,0,1,1,0
0,0,0,0,0,0,0,1,1,0
0,0,0,0,0,0,0,0,1,0
0,0,0,1,0,0,0,1,1,0
1,0,1,0,0,0,0,0,1,0
1,0,0,0,0,1,0,1,1,1
1,0,0,0,0,0,0,0,1,0
0,0,0,0,0,0,0,0,1,1
0,0,0,0,0,0,0,0,0,0
0,0,0,1,0,0,0,1,1,1
1,0,0,0,0,0,0,0,1,0
1,0,1,1,0,0,0,0,1,0
1,0,0,0,0,0,0,0,1,0
1,0,0,0,0,0,0,0,1,0
1,0,1,0,0,0,0,0,1,1
0,0,0,0,0,0,0,0,0,0
0,1,0,1,0,0,0,0,1,1
1,0,0,1,0,0,0,0,1,0
0,0,0,0,0,0,0,0,1,0
0,0,0,0,0,0,0,0,1,0
0,0,0,0,0,0,0,0,1,0
1,0,1,0,0,0,0,0,1,0
1,0,1,0,0,0,0,0,1,0
1,0,0,0,0,0,0,0,0,0
0,0,0,0,0,0,0,1,1,0
0,0,0,0,0,0,0,1,1,0
0,1,0,0,0,0,0,1,0,1
0,0,0,0,0,0,0,1,1,0
1,0,1,0,0,0,0,1,1,0
0,0,0,1,0,0,0,0,1,0
0,0,0,0,0,0,0,1,1,0
0,0,0,0,0,1,0,1,1,1
1,0,0,0,0,0,0,0,1,0
0,0,0,0,0,0,0,0,0,1
1,0,0,1,0,0,0,0,0,0
1,0,0,0,0,0,0,0,1,1
1,0,0,0,0,0,0,0,1,0
1,0,0,0,0,0,0,0,1,0
1,0,0,1,0,0,0,0,1,0
0,1,0,0,1,0,0,0,0,0
1,0,0,0,0,0,0,0,1,0
1,1,0,1,1,0,0,1,1,0
0,0,0,0,0,0,0,1,0,0
0,1,0,0,0,0,0,0,1,0
1,0,0,0,0,0,0,1,1,0
0,0,0,0,0,0,0,0,1,0
1,0,0,0,0,0,0,0,1,0
0,0,0,0,0,0,0,1,1,0
0,0,0,0,0,0,0,0,1,0
0,1,0,1,0,0,0,0,1,0
1,0,0,0,0,0,0,1,1,0
0,0,0,0,0,0,0,0,0,1
1,0,0,0,0,0,0,0,0,0
1,0,0,0,0,1,0,0,0,1
0,0,0,0,0,0,0,0,0,0
1,0,0,1,1,0,0,1,1,1
1,0,1,0,0,0,0,0,1,0
0,0,0,0,0,0,0,0,1,0
0,0,0,0,0,0,0,0,1,1
0,0,0,0,0,0,0,1,1,0
1,0,0,0,0,0,0,0,1,0
0,0,0,0,0,0,0,0,0,0
0,0,0,0,0,0,0,1,0,0
1,0,0,0,0,0,0,0,1,0
0,0,0,0,0,0,0,0,1,0
0,0,0,0,0,0,0,0,1,1
0,0,0,0,0,0,0,1,1,0
1,0,0,0,0,0,0,0,1,0
1,0,0,0,0,0,0,1,1,0
1,0,0,0,1,0,0,0,1,0
0,1,0,0,0,0,0,0,0,0
1,0,0,0,0,0,0,0,1,0
1,0,0,1,0,0,0,0,1,0
1,0,0,0,0,0,0,0,1,0
1,0,0,0,0,0,0,1,0,0
1,0,0,0,0,0,0,0,1,0
1,0,0,1,0,0,0,0,1,0
0,0,0,0,0,0,0,1,0,0
1,0,0,0,0,0,0,0,1,0
0,0,0,0,0,0,0,0,1,0
0,0,0,0,0,0,0,1,1,0
0,0,0,0,0,0,0,1,1,0
0,0,1,0,0,0,0,0,1,0
1,0,0,0,0,0,0,1,1,1
0,0,0,0,0,0,0,1,1,0
0,0,0,0,0,0,0,0,1,0
1,0,1,1,1,1,0,0,1,0
1,0,0,0,0,0,0,1,1,0
1,0,0,0,0,0,0,0,1,0
0,0,1,0,0,0,0,0,1,0
0,0,0,0,0,0,0,0,0,0
0,0,0,0,0,0,1,1,0,0
1,0,0,0,0,0,0,1,1,0
1,0,0,0,0,0,0,0,1,0
0,0,0,0,0,0,0,0,1,0
0,0,1,0,0,0,0,1,1,0
0,0,0,0,0,0,0,0,1,0
0,0,0,0,0,0,0,0,1,0
0,0,0,0,0,0,0,1,1,0
0,0,0,1,0,0,0,1,0,0
0,0,0,0,0,0,0,0,1,0
1,0,0,0,0,0,0,0,1,1
0,0,0,0,0,0,0,1,1,0
0,0,0,1,0,0,0,1,1,0
0,0,0,0,0,0,0,0,0,0
0,0,0,0,0,0,0,0,1,0
1,0,1,0,0,0,0,0,1,0
0,1,0,0,0,0,0,1,1,0
1,0,0,0,0,0,0,0,1,0
0,0,0,0,0,0,0,0,1,1
1,0,0,0,0,0,0,0,1,1
0,0,0,0,0,0,1,0,1,0
0,0,0,0,0,0,0,1,1,0
0,0,0,1,0,0,0,0,1,0
0,0,1,0,0,0,0,0,1,0
1,0,1,0,0,0,0,0,1,0
0,0,0,1,0,1,0,1,1,1
1,0,0,0,0,0,0,1,1,1
0,0,0,0,0,0,0,1,1,0
0,0,0,0,0,0,0,1,1,0
0,0,0,0,0,0,0,1,1,0
1,0,0,0,0,0,0,1,1,0
0,0,0,0,0,0,0,0,0,0
1,0,0,0,0,0,0,0,0,0
1,0,0,0,0,0,0,1,1,0
0,0,0,0,0,0,0,0,1,0
1,0,0,0,0,0,0,0,1,0
0,0,1,0,0,0,0,0,1,0
0,0,0,0,0,0,0,0,1,0
1,0,0,1,0,0,0,0,1,0
0,0,0,0,0,0,0,0,1,0
1,0,0,1,0,0,0,0,1,0
1,0,0,0,0,0,1,1,0,1
0,0,0,0,0,0,0,1,0,0
0,0,0,0,0,0,0,1,1,1
0,0,0,0,0,0,0,0,1,0
0,0,0,0,0,0,0,1,0,0
1,0,0,0,0,0,0,0,0,1
1,0,0,0,0,0,0,0,1,0
0,0,0,0,0,0,0,1,1,1
1,0,0,0,0,0,0,0,1,0
1,0,0,0,0,0,0,0,0,1
0,0,0,0,0,0,0,0,1,0
1,0,0,0,0,0,0,1,1,0
0,0,0,0,1,0,0,0,1,1
1,0,0,0,0,0,0,0,1,0
1,0,1,0,0,0,1,0,0,0
0,0,0,0,0,0,0,1,0,1
1,0,0,0,0,0,0,0,1,1
0,0,0,0,0,0,0,1,1,0
1,0,1,0,0,0,0,0,1,0
1,0,0,0,0,0,0,0,1,0
0,1,0,1,0,0,0,0,0,0
1,0,0,0,0,0,0,1,1,0
1,0,0,0,0,0,0,0,0,0
1,0,0,0,1,0,0,0,1,0
0,0,0,0,0,0,0,0,0,0
1,1,0,1,0,1,0,1,1,1
0,0,0,0,0,0,0,0,1,1
0,0,0,0,0,0,0,1,1,0
0,0,0,0,0,0,0,0,1,0
0,0,0,0,0,0,0,1,1,0
0,0,0,0,0,0,0,0,0,0
1,0,0,0,0,1,0,0,1,1
1,0,0,1,0,0,0,1,0,0
0,0,0,0,1,0,0,0,1,0
0,0,0,0,0,0,0,0,0,0
1,0,0,0,0,0,0,0,1,0
0,0,0,0,0,0,0,0,1,0
1,0,1,1,0,0,1,0,1,0
0,0,0,0,0,0,0,0,1,0
0,0,0,0,0,0,0,1,1,0
1,0,0,0,0,0,0,0,1,1
0,0,0,0,0,0,0,0,1,0
1,0,0,0,0,0,0,0,1,0
0,0,1,1,0,0,0,0,0,0
1,0,0,0,0,0,0,0,1,0
1,0,0,0,0,0,0,0,1,0
1,0,0,0,0,0,0,0,1,0
1,0,0,0,0,0,0,1,1,0
0,0,0,0,0,0,0,0,0,0
0,0,0,0,0,0,0,1,1,0
1,0,0,0,0,0,0,0,1,0
1,0,0,0,0,0,0,0,1,0
0,0,0,0,0,0,0,0,0,0
1,0,1,0,0,0,0,0,1,0
0,0,0,0,0,0,0,0,1,0
0,0,0,0,0,0,0,0,1,0
0,0,0,1,0,0,0,1,0,0
0,0,0,0,0,0,0,0,1,0
1,0,1,0,0,0,0,0,1,0
1,1,1,0,1,0,0,0,0,1
0,0,0,0,0,0,0,0,1,0
1,0,0,0,0,0,1,1,1,0
0,0,0,0,0,0,0,0,1,0
1,0,0,0,0,0,0,0,1,0
0,0,0,0,0,0,0,1,1,1
1,0,0,0,0,0,0,0,0,1
1,0,0,0,0,0,0,1,1,0
1,0,1,0,0,0,0,1,0,0
1,0,0,0,0,0,0,1,1,0
1,0,0,0,0,0,0,0,1,0
0,0,0,0,0,0,0,1,1,0
1,0,1,0,0,0,0,0,0,0
1,0,0,0,0,0,0,1,1,0
0,0,0,0,0,0,0,1,1,1
1,0,0,0,0,0,0,0,1,0
1,0,0,0,0,0,0,0,0,0
0,0,0,0,0,0,0,1,0,1
1,0,0,0,0,0,0,0,1,0
0,0,0,0,0,0,0,1,1,0
0,0,0,0,0,0,0,0,1,0
1,0,0,0,0,0,0,0,1,0
1,0,0,0,0,0,1,1,1,1
1,0,0,0,0,0,0,1,1,0
0,0,1,0,0,0,0,1,1,1
0,0,0,1,0,0,0,1,1,0
0,0,0,0,0,0,0,0,1,0
1,0,0,0,0,0,1,0,0,1
0,0,0,0,0,0,0,1,1,0
1,0,1,0,0,0,0,0,0,0
0,0,0,0,0,0,0,0,0,0
0,0,0,1,0,0,0,1,0,0
0,0,0,0,0,0,0,1,0,0
0,0,0,0,0,0,0,1,1,0
1,0,1,0,0,0,1,0,1,0
1,0,0,1,1,0,0,1,1,0
1,0,0,0,0,0,0,0,0,0
0,0,0,0,0,0,0,0,0,0
0,0,0,0,0,0,0,1,1,1
0,0,0,0,0,0,0,1,1,0
1,1,1,1,0,0,0,1,1,0
1,0,0,0,0,0,0,0,1,1
0,0,0,0,0,0,0,0,1,0
0,0,0,0,0,0,0,0,0,0
1,0,1,0,0,0,0,0,1,0
0,1,0,0,0,0,0,1,1,0
1,0,0,0,0,0,0,0,1,0
0,0,0,0,0,0,0,0,0,0
0,0,0,0,0,0,0,1,0,0
1,0,1,0,0,0,0,0,1,0
1,0,0,0,0,0,0,0,1,0
1,0,0,0,0,0,0,0,1,0
1,0,0,0,0,0,0,0,1,0
0,0,0,0,0,0,0,1,1,0
1,0,0,0,0,0,0,0,1,0
1,0,0,0,0,0,0,1,1,1
1,0,0,0,0,0,0,0,1,1
0,0,0,0,0,0,0,0,1,1
1,0,0,0,0,0,0,0,1,0
0,0,0,0,0,0,0,1,1,0
1,0,0,0,0,0,0,0,1,0
0,0,0,0,0,0,0,0,1,0
1,0,0,0,0,0,0,0,1,0
0,0,0,0,0,0,0,0,0,0
0,0,0,0,0,0,0,0,1,0
0,0,0,0,0,0,0,0,0,0
0,0,0,0,0,1,0,1,1,0
0,0,0,1,0,0,0,1,1,0
1,0,0,0,0,0,0,0,1,0
1,0,0,0,0,0,0,0,1,1
1,0,0,0,0,0,0,0,1,0
1,0,0,1,0,0,0,0,1,0
1,0,0,0,0,0,0,0,1,0
1,0,0,0,0,0,0,0,1,1
0,0,0,0,0,0,0,0,1,0
0,0,0,0,0,0,0,0,1,0
0,0,0,0,0,0,0,0,1,0
1,0,0,1,0,0,0,0,1,0
1,0,0,0,0,0,0,1,0,1
1,0,0,1,0,0,0,0,0,0
0,0,0,0,0,0,0,0,1,1
0,0,0,0,0,0,0,0,1,1
1,0,0,0,0,0,1,0,1,0
0,0,0,1,0,0,0,1,1,0
1,0,0,0,0,0,0,1,1,0
1,0,1,0,0,0,0,0,1,0
0,0,0,0,0,0,0,0,1,0
1,0,0,0,0,0,0,1,0,0
0,0,0,0,0,0,0,0,1,0
1,0,0,0,0,0,0,1,1,1
1,1,1,1,1,0,0,1,1,0
1,0,0,0,0,0,0,0,1,0
0,0,0,0,0,0,0,1,0,0
1,0,0,0,0,0,0,1,0,0
1,0,0,0,0,0,0,0,1,0
1,1,0,0,0,0,0,1,0,1
1,0,0,0,0,1,0,1,1,0
1,0,0,0,0,0,0,0,0,1
0,0,0,0,0,0,0,0,1,1
1,0,1,0,0,0,0,0,0,1
0,0,0,0,0,0,0,0,1,0
0,0,1,0,0,0,0,1,1,1
0,0,0,0,0,0,0,0,0,0
1,0,0,0,0,0,0,0,1,0
1,0,0,0,0,0,0,0,1,0
1,0,1,1,0,0,0,0,1,1
0,0,0,0,0,0,0,1,1,1
0,0,0,0,0,0,0,1,1,0
1,0,0,0,0,0,0,0,1,0
1,0,0,0,0,0,0,0,0,0
0,0,0,0,0,0,0,0,0,0
1,0,0,0,0,0,0,1,0,1
0,1,0,0,0,0,0,0,0,0
1,0,0,0,0,0,0,0,1,0
1,0,0,1,0,0,0,1,0,0
0,0,0,0,0,0,0,1,1,0
0,0,0,0,0,0,0,0,1,0
1,0,0,0,0,0,0,0,0,0
0,1,0,0,0,0,0,1,1,0
1,0,0,1,0,0,0,0,1,1
0,0,0,0,0,0,0,0,1,0
0,0,0,0,0,0,0,0,1,0
0,0,0,0,0,0,0,0,1,0
1,0,0,0,0,0,0,0,1,0
1,0,0,1,0,0,0,0,0,0
1,0,0,0,0,0,0,0,0,1
1,0,0,1,0,0,0,0,1,1
0,0,0,0,0,0,0,0,1,0
1,0,0,1,0,0,0,0,0,0
1,0,0,1,0,0,0,1,0,0
1,0,0,0,0,0,0,1,1,0
0,0,0,0,0,0,0,0,1,0
1,0,0,0,0,0,0,0,1,0
1,0,1,0,0,0,0,1,1,0
0,0,0,0,0,0,0,0,1,0
0,0,0,0,0,0,0,0,0,0
1,0,0,0,0,0,0,0,1,0
0,0,0,0,0,0,0,0,0,0
0,0,0,0,0,0,0,0,0,0
0,0,0,0,0,0,0,1,0,0
1,0,0,1,0,0,0,0,0,0
1,0,0,0,0,0,0,1,1,0
0,0,0,0,0,0,0,0,1,0
0,0,0,0,0,0,0,1,0,1
1,0,0,0,0,0,0,1,1,0
1,0,0,0,0,0,0,0,1,0
1,0,0,0,0,0,0,0,1,0
1,0,0,0,1,0,0,1,0,0
1,0,0,0,0,0,0,0,1,0
1,0,1,1,0,0,0,0,1,0
0,0,0,0,0,0,0,1,1,0
1,0,0,0,0,1,0,0,1,0
1,0,1,0,0,0,0,0,0,0
0,0,0,0,0,0,0,1,1,0
1,0,0,0,0,0,0,0,1,0
1,0,0,0,0,0,0,0,1,0
0,0,0,0,0,0,0,1,1,0
0,0,0,1,0,0,0,1,0,1
0,0,0,0,0,0,0,1,0,0
1,0,0,1,0,0,0,1,1,0
1,0,0,0,0,0,0,0,1,0
1,0,0,0,0,0,0,0,1,0
0,0,0,0,0,0,0,0,0,1
1,0,0,0,0,0,0,0,1,0
0,0,0,0,0,0,0,0,1,0
1,0,0,1,0,0,0,0,1,0
1,0,0,0,0,0,0,1,0,0
1,0,0,0,0,0,0,1,1,1
0,0,0,0,0,0,0,0,0,0
0,0,0,1,0,0,0,1,1,0
1,0,0,1,0,0,0,0,1,0
1,0,0,0,0,0,0,0,1,0
1,0,0,0,0,0,0,0,0,1
1,0,0,0,0,0,0,0,1,0
1,0,0,0,0,0,0,0,1,0
0,0,0,1,0,0,0,0,1,0
1,0,0,0,0,0,0,1,0,0
1,0,0,0,0,0,0,0,1,0
1,0,1,0,0,0,0,0,0,0
1,0,0,0,0,0,0,1,1,0
1,0,1,0,0,0,0,0,0,0
1,0,0,0,0,0,0,0,1,0
1,0,0,0,0,0,0,0,1,0
1,0,0,0,0,0,0,0,1,0
0,0,0,0,0,0,0,1,1,0
1,0,0,0,0,0,0,1,1,0
0,0,0,0,0,0,0,0,1,0
1,0,0,0,0,0,0,0,1,0
1,0,0,0,0,0,0,0,0,0
1,0,0,0,0,1,0,0,1,0
1,0,0,0,0,0,0,0,1,0
0,0,0,0,0,0,0,0,1,0
1,0,0,1,0,0,0,0,1,0
1,0,0,0,0,0,0,1,1,0
1,0,0,0,0,0,0,1,1,0
0,0,0,0,0,0,0,1,1,0
0,0,0,0,0,0,0,1,1,0
1,0,0,0,0,0,0,0,1,0
0,0,0,0,0,0,1,0,0,1
0,0,0,0,0,0,0,0,1,0
0,0,0,0,0,0,0,0,0,0
0,0,0,0,0,0,0,0,0,0
1,0,0,0,0,0,0,1,1,0
0,0,1,0,0,1,0,0,0,0
1,0,0,0,0,0,0,0,1,0
0,0,0,0,0,0,0,0,0,1
1,0,0,0,1,0,0,0,1,0
1,0,0,1,0,0,0,1,1,0
0,0,0,0,0,0,0,1,1,1
1,0,0,1,0,0,0,1,1,0
1,0,0,0,0,0,0,0,1,0
1,0,0,0,0,1,0,1,1,0
1,0,0,0,0,0,0,0,1,0
0,0,0,0,0,0,0,0,1,0
0,0,0,0,0,0,0,0,0,0
1,0,0,0,0,0,0,1,0,0
1,0,0,0,0,0,0,0,1,0
1,0,1,0,1,0,0,1,1,0
0,0,0,0,0,0,0,1,1,0
1,0,1,0,0,0,0,0,1,0
0,0,0,0,0,0,0,1,1,0
1,0,0,0,0,0,0,0,1,0
1,0,1,0,0,0,0,0,1,1
0,0,0,0,0,1,0,1,1,1
1,0,0,0,0,0,0,1,1,1
0,0,0,0,0,0,0,1,1,0
1,0,1,0,0,0,0,0,1,0
1,0,0,0,0,0,0,0,1,0
1,0,0,0,0,0,0,0,0,0
1,0,0,0,0,0,0,0,0,0
1,0,0,0,0,0,0,1,1,0
1,0,0,0,0,0,0,1,1,0
1,0,1,0,0,0,0,0,1,1
0,0,0,0,0,0,0,1,1,0
1,0,0,0,0,0,0,0,1,0
0,0,0,0,0,0,0,0,1,0
0,0,0,0,0,0,0,0,1,0
1,0,0,0,0,0,0,1,1,0
0,0,0,0,0,0,0,0,1,0
1,0,0,0,0,0,0,0,0,0
0,0,0,0,0,0,0,0,1,0
0,0,0,0,0,0,0,0,1,0
0,0,0,0,0,0,0,1,1,0
1,0,0,1,0,0,0,0,1,0
1,0,1,0,0,0,0,0,1,0
1,0,0,0,0,0,0,0,1,0
1,0,1,0,0,0,0,0,1,0
1,0,0,0,0,0,0,1,1,0
1,0,0,0,0,0,0,1,1,1
0,0,0,0,0,0,0,0,1,0
0,0,0,0,0,0,0,0,1,0
0,0,1,0,0,0,0,0,0,0
0,0,0,0,1,0,0,1,0,1
0,0,0,0,0,0,0,0,0,0
0,0,0,0,0,0,0,0,0,0
0,0,1,0,0,0,0,1,0,0
0,0,0,0,0,0,0,0,1,0
0,0,0,0,0,0,0,1,1,0
1,0,0,0,0,0,0,0,1,0
1,0,0,1,0,0,0,0,0,0
0,0,0,0,0,0,0,1,1,0
1,0,1,0,0,0,0,0,1,0
1,0,0,0,0,0,0,0,0,0
1,0,1,0,0,0,0,1,1,1
0,0,0,0,0,0,0,0,1,0
1,0,1,0,0,0,0,1,1,0
1,0,0,0,0,0,0,0,1,1
1,0,0,0,0,1,0,0,1,0
1,0,0,0,0,0,0,0,1,0
1,0,0,0,0,0,0,0,0,0
0,0,0,0,0,0,0,0,1,0
1,0,0,0,0,0,0,1,1,0
1,0,0,0,0,0,0,1,1,1
0,0,1,0,0,0,0,0,1,0
1,0,0,0,0,0,0,1,1,0
0,0,0,0,0,0,0,0,0,1
1,0,0,0,0,0,0,1,1,1
0,0,0,0,0,0,0,0,1,0
1,0,0,0,0,0,0,0,1,0
1,0,0,0,0,0,0,0,0,0
1,0,0,0,0,0,0,0,1,0
1,0,0,0,0,0,0,1,1,0
0,0,0,0,0,0,0,0,1,0
1,0,0,0,0,0,0,0,0,0
0,0,0,0,0,0,0,0,1,1
1,0,0,0,0,0,0,0,1,0
1,0,0,0,0,0,0,0,1,0
0,0,0,0,0,0,0,1,1,0
1,0,0,0,0,0,0,0,1,0
1,0,0,0,0,0,0,1,1,0
0,0,0,0,0,0,0,1,1,0
1,0,1,0,0,0,0,0,0,0
1,0,1,0,0,0,0,1,1,0
0,0,0,0,0,0,0,0,1,0
0,0,1,0,0,0,0,0,1,0
1,0,0,0,0,1,0,0,1,0
1,0,0,0,0,0,0,1,1,0
1,0,0,0,0,0,0,0,1,0
0,0,0,0,0,0,0,0,1,1
1,0,0,0,0,0,0,1,1,0
1,0,0,0,0,0,0,1,1,0
0,0,0,0,0,0,0,0,1,0
1,0,0,0,0,0,0,0,0,1
1,0,0,0,0,0,1,0,1,0
1,0,0,0,0,0,0,0,1,0
0,0,0,0,0,0,0,0,0,1
0,0,0,0,0,0,0,0,1,1
0,0,0,0,0,0,0,0,1,0
1,0,0,0,0,0,0,1,1,0
1,0,0,1,0,0,0,0,1,0
0,1,0,0,0,0,0,1,1,0
0,0,0,0,0,1,0,0,0,0
1,0,0,0,0,0,0,0,1,0
0,0,0,0,0,0,0,0,0,0
0,0,0,1,0,0,0,0,0,0
0,0,0,1,0,0,0,1,0,0
0,0,0,0,0,0,0,0,1,0
0,0,0,0,0,0,0,1,1,0
1,0,0,0,0,0,0,0,1,0
1,0,1,1,0,0,0,1,1,0
0,0,0,0,0,0,0,1,1,0
1,0,0,1,0,0,0,1,1,0
1,0,0,0,0,0,1,0,0,0
0,0,0,1,0,0,0,1,0,0
0,0,0,0,0,0,0,1,1,0
0,0,0,0,0,0,0,0,1,0
1,0,0,0,0,1,0,0,0,0
1,0,0,0,0,1,0,1,1,1
0,0,0,0,0,0,0,1,0,0
0,0,0,0,0,0,0,0,1,0
0,0,0,0,0,0,0,0,0,0
1,0,0,0,0,0,0,1,0,0
0,0,0,0,0,0,0,0,1,0
1,0,0,1,1,0,0,1,1,0
0,0,0,0,0,0,1,0,0,0
0,0,0,0,1,0,0,0,1,0
0,0,0,0,0,0,0,0,1,0
0,0,1,0,0,0,0,1,1,0
0,0,0,0,0,0,0,0,1,0
1,0,1,0,0,0,0,0,1,0
0,0,0,0,0,0,0,0,1,0
1,0,0,0,0,0,0,0,1,0
1,0,0,0,0,0,0,1,0,0
1,0,0,0,0,0,0,1,1,0
0,0,0,0,0,0,0,1,0,0
0,0,1,0,0,0,0,1,0,1
0,0,0,0,0,0,0,1,1,0
0,0,0,0,0,0,0,0,0,0
0,0,0,0,0,0,0,0,0,0
1,0,0,0,0,0,0,1,1,0
0,0,0,0,0,0,0,0,1,0
1,0,0,0,0,0,0,0,0,0
0,0,0,0,0,0,0,0,0,0
0,0,1,0,0,0,0,1,1,0
0,1,0,1,0,0,0,1,1,0
1,0,0,0,0,0,0,0,1,0
1,0,1,0,1,0,0,1,1,1
0,0,0,1,0,0,0,0,1,0
0,0,0,0,0,0,0,1,0,1
1,0,0,0,0,0,0,1,0,0
0,0,0,1,1,0,0,0,1,0
0,0,0,0,0,0,0,0,1,0
0,0,0,0,0,0,0,1,1,0
1,0,1,0,0,0,0,1,1,0
0,0,0,0,0,0,0,1,1,0
0,0,0,0,0,0,0,0,1,0
1,0,0,0,0,0,0,0,1,0
0,0,0,0,0,0,0,0,0,0
1,0,0,0,0,0,0,1,1,0
0,0,0,0,0,0,0,0,1,1
1,0,0,0,1,0,0,0,1,0
1,0,0,0,0,0,0,0,1,0
1,0,0,0,1,0,0,0,1,0
0,0,0,0,0,0,0,0,0,1
0,0,0,0,0,0,0,0,1,0
1,0,0,0,0,0,0,0,0,0
1,0,0,0,0,0,0,0,1,0
1,0,0,0,0,0,0,1,1,0
1,0,0,0,0,0,0,0,1,0
0,0,0,0,1,0,0,1,0,1
1,0,0,0,0,0,0,1,0,0
1,0,0,1,1,1,0,1,1,0
0,0,0,0,0,0,0,1,1,0
0,0,0,0,0,0,0,0,1,0
0,0,0,0,0,0,0,0,1,0
0,0,0,0,0,0,0,0,1,1
0,0,0,0,0,0,0,0,0,0
1,0,1,0,0,0,0,0,0,0
1,0,0,0,0,0,0,0,1,0
0,0,0,0,0,0,0,1,1,0
1,0,0,0,0,0,0,1,0,1
1,0,0,0,0,0,0,0,1,0
1,0,0,0,0,0,0,0,0,0
0,0,0,0,0,0,0,0,1,0
0,0,0,0,0,0,0,1,1,0
1,0,0,0,0,0,0,0,1,0
0,0,0,1,0,0,0,1,1,0
1,0,0,0,0,0,0,1,1,0
1,0,0,0,0,0,0,0,1,1
1,0,0,0,0,0,0,0,1,0
1,0,1,0,0,0,0,0,1,0
0,0,0,0,0,0,0,0,1,0
0,0,0,0,0,0,0,0,1,1
0,0,0,0,0,0,0,0,0,1
1,0,0,0,0,1,0,1,0,0
0,0,0,0,0,0,0,0,0,0
1,0,1,1,0,0,0,1,1,1
1,0,0,1,0,0,0,1,1,0
0,0,0,0,0,0,0,1,0,0
1,0,0,0,0,0,0,0,1,0
0,0,0,1,0,0,0,0,1,0
1,0,0,0,1,0,0,0,1,0
0,0,0,0,0,0,0,1,1,0
0,0,0,0,0,1,0,1,0,1
0,0,0,0,0,0,0,0,1,0
1,0,0,0,0,0,0,0,1,0
1,0,0,0,0,0,0,0,1,0
1,0,1,1,1,0,1,1,0,1
0,0,0,0,0,0,0,1,1,0
0,0,0,0,0,0,0,0,0,1
1,0,0,0,0,0,0,0,1,0
0,0,0,0,0,0,0,1,1,0
0,0,0,0,0,0,0,0,1,0
1,0,0,0,0,0,0,0,1,0
1,0,1,0,0,0,0,0,1,0
0,1,0,0,0,1,0,0,0,1
1,0,0,0,0,0,0,0,1,0
1,0,0,0,0,0,0,0,1,0
0,1,0,1,0,0,0,0,0,0
1,0,1,0,0,0,1,1,1,1
0,0,0,0,0,0,0,1,0,1
1,0,0,1,0,1,0,1,1,0
0,0,0,0,0,0,0,0,0,0
1,0,0,0,0,0,0,0,1,0
1,0,0,0,0,0,0,0,1,0
1,0,0,0,0,0,0,0,1,0
1,0,0,0,0,0,0,0,1,0
0,0,0,0,0,0,0,0,1,0
0,0,0,1,0,0,1,1,1,1
0,0,0,0,0,0,0,0,1,0
0,0,0,1,0,0,0,0,1,0
1,0,0,0,0,0,0,0,1,0
0,0,0,0,0,0,0,0,0,0
0,0,0,0,0,0,0,0,1,0
0,0,1,0,0,0,0,0,1,0
0,0,1,0,0,0,0,0,0,0
0,0,0,0,0,0,0,1,1,0
1,0,0,0,0,0,0,1,1,1
1,0,0,0,0,1,0,1,1,1
0,0,0,0,0,0,0,0,1,0
1,0,0,0,0,0,0,1,1,0
1,0,0,0,1,0,1,0,0,0
1,0,0,0,0,0,0,0,1,0
1,0,1,0,0,0,0,0,0,0
1,1,0,0,0,1,0,0,1,0
1,0,0,1,0,0,0,1,1,0
0,0,0,1,0,0,1,0,0,1
1,0,0,0,0,0,0,1,1,0
0,0,0,0,0,0,0,1,1,0
1,0,0,0,0,0,0,0,1,0
0,0,0,1,0,0,0,1,1,0
0,0,0,0,0,0,0,1,1,0
1,0,0,0,0,0,0,0,1,0
1,0,0,0,0,0,0,0,1,0
0,0,0,0,0,0,0,0,0,0
0,0,1,0,0,1,1,0,1,0
0,1,0,0,0,0,0,1,1,0
0,0,0,0,0,0,0,0,1,0
0,0,0,0,0,0,0,0,1,1
1,0,0,0,0,0,0,1,1,0
1,0,0,0,0,0,0,0,1,0
1,0,0,0,0,0,0,0,1,1
0,0,0,0,0,0,0,0,0,0
0,0,0,0,0,0,0,1,1,0
0,0,1,0,0,0,0,0,1,0
0,0,0,0,0,0,0,0,1,0
1,0,0,0,0,0,0,1,1,1
1,0,0,1,0,0,0,1,1,0
1,0,0,0,0,0,0,0,1,0
1,0,0,0,0,0,0,0,1,1
1,0,0,0,0,0,0,0,1,0
0,0,0,0,0,0,0,0,0,0
1,0,0,0,0,0,0,0,1,0
0,0,0,0,0,0,0,0,0,0
0,0,0,0,0,0,0,0,1,0
0,0,0,0,0,0,0,0,1,0
0,0,0,0,0,0,0,1,1,0
1,0,0,1,0,1,0,1,1,1
0,0,0,0,0,0,0,0,1,0
0,0,0,0,0,0,0,0,0,0
1,0,0,0,0,0,0,0,1,0
1,0,0,1,0,0,1,1,1,1
0,0,0,0,0,0,0,0,0,0
1,0,0,0,0,0,0,0,1,0
0,0,0,0,0,0,0,1,0,0
0,0,0,0,0,0,0,0,1,0
1,0,0,0,0,1,0,0,1,0
1,0,0,0,0,0,0,1,1,0
1,0,0,0,0,0,0,0,1,0
0,0,0,0,0,0,0,1,1,0
0,0,0,0,0,0,0,1,1,1
0,1,0,1,1,0,0,0,0,0
0,0,0,0,0,0,0,0,1,0
0,0,0,1,0,0,0,0,0,1
0,0,0,0,0,0,0,0,1,0
1,0,0,0,0,0,0,0,1,0
1,0,1,0,0,0,0,1,1,0
1,0,0,0,0,1,0,1,1,0
0,0,0,0,0,0,0,0,1,0
0,0,0,0,0,0,0,0,1,0
1,0,1,0,0,0,0,0,1,0
1,0,1,0,0,0,0,0,0,0
0,0,1,0,0,0,0,0,0,0
1,0,1,1,0,1,1,1,1,1
1,0,1,0,0,0,0,0,1,0
0,0,0,0,0,0,0,0,0,1
1,0,0,0,0,0,0,0,1,0
1,0,1,0,0,0,0,0,1,0
0,0,0,0,0,0,0,0,0,1
0,0,0,1,0,0,0,0,0,0
1,0,0,0,0,0,0,1,1,0
0,0,0,1,0,0,0,1,1,0
0,0,0,0,0,0,0,1,1,0
0,0,0,0,0,0,0,0,0,0
1,0,0,0,0,0,0,1,1,0
1,0,0,0,0,0,0,0,1,0
1,0,0,0,0,0,0,0,1,1
0,0,0,1,0,0,1,0,0,0
0,1,0,0,0,0,0,1,1,0
1,0,0,0,0,0,0,0,1,0
1,0,0,0,0,0,0,0,1,1
1,0,0,0,0,0,0,1,0,0
1,0,1,0,0,0,0,1,1,0
1,0,0,0,0,0,0,1,1,0
0,0,1,1,0,0,0,0,0,0
1,0,0,0,0,0,0,1,1,0
1,0,0,0,0,0,0,0,1,0
0,0,0,0,0,0,0,0,1,0
1,0,0,0,0,0,0,0,1,0
1,0,0,1,0,0,0,1,1,0
0,0,0,0,0,0,0,0,0,0
0,0,0,0,0,0,0,0,0,0
0,0,0,0,0,0,0,0,1,1
0,0,0,0,0,0,0,1,1,0
0,0,0,0,0,0,0,0,1,0
0,0,0,1,0,0,0,0,1,0
0,0,0,0,0,0,0,0,0,0
0,0,0,0,0,0,0,0,0,0
0,0,0,0,0,0,0,1,0,0
0,0,0,0,0,0,0,0,1,0
1,0,0,0,0,0,0,0,1,0
1,0,0,0,0,0,0,1,1,0
1,0,0,1,0,0,0,0,0,0
0,0,0,1,0,0,0,0,1,0
1,0,0,0,0,0,0,0,1,0
0,0,0,0,0,0,0,1,1,0
1,0,1,1,0,0,0,1,1,0
1,0,0,1,0,0,0,1,0,1
0,0,0,0,0,0,0,1,1,0
0,0,0,0,0,0,0,0,1,0
0,0,0,0,0,0,0,1,0,0
0,0,0,0,0,0,0,0,0,0
1,0,0,0,0,0,0,1,1,0
1,0,0,0,0,0,0,0,1,0
0,0,0,0,0,0,0,1,1,0
0,0,0,0,0,0,0,0,0,0
1,0,0,1,0,0,0,0,0,0
1,0,0,0,0,0,0,0,1,0
1,0,0,0,0,0,0,0,1,0
0,0,0,0,0,0,0,0,1,0
0,0,0,0,0,0,0,0,1,0
0,0,0,1,0,0,0,1,0,1
1,0,0,0,0,0,0,0,1,0
1,0,0,1,0,1,0,1,1,0
0,0,0,0,0,0,0,0,1,0
1,0,0,0,0,0,0,0,1,0
1,0,0,0,0,0,0,0,1,0
1,0,0,0,0,0,0,0,1,0
1,1,0,0,0,0,0,0,1,1
1,0,1,0,0,0,0,1,1,0
1,0,0,0,0,0,0,0,0,0
1,0,0,0,0,0,0,0,1,0
1,0,0,0,0,0,0,1,1,0
1,0,1,0,0,0,0,0,1,0
0,0,0,0,0,0,0,0,1,0
0,0,0,0,0,0,0,0,1,0
0,0,0,0,0,0,0,1,1,0
0,0,0,0,0,0,0,0,1,0
1,0,0,0,0,0,0,1,1,0
1,0,0,0,0,0,0,1,0,0
0,0,0,0,0,0,0,0,0,0
0,0,0,0,0,0,0,1,0,0
1,0,0,0,0,0,0,1,1,0
1,0,0,1,0,0,0,0,1,0
0,0,0,0,0,0,0,0,1,0
0,0,0,0,0,0,0,0,1,0
1,0,1,1,0,0,0,1,1,0
1,0,0,0,0,0,0,0,1,0
0,0,0,0,0,0,0,0,1,0
0,0,1,0,0,0,0,0,1,0
1,0,1,0,0,0,0,1,1,0
0,0,0,0,0,0,0,0,1,0
0,0,0,0,0,0,0,0,1,0
1,0,0,0,0,0,1,1,1,0
1,0,0,0,0,0,0,0,1,0
1,0,0,0,0,0,0,0,1,0
1,0,1,0,0,0,0,0,1,0
1,0,0,1,1,0,0,1,1,0
1,1,0,0,0,0,1,1,0,1
0,0,0,0,0,0,0,0,0,0
1,0,0,1,0,0,0,1,1,0
0,0,0,0,0,0,0,0,1,0
1,0,0,0,0,0,0,0,0,0
0,0,0,1,0,0,0,0,1,1
0,0,0,0,0,0,0,1,1,0
0,1,0,0,0,0,0,0,1,0
1,0,0,0,0,0,0,1,0,0
0,0,0,0,0,0,0,0,1,0
0,0,0,0,1,0,0,1,1,0
1,0,0,0,0,0,0,1,0,0
0,0,0,0,0,0,0,1,1,1
1,0,0,0,0,0,1,0,1,0
1,0,0,0,0,0,0,0,1,0
1,0,0,0,0,0,0,0,1,0
1,0,1,1,0,0,1,0,1,0
1,0,0,0,0,0,0,1,0,0
0,0,0,0,0,0,0,0,1,0
1,0,0,0,0,0,0,0,1,0
1,0,0,0,0,0,0,1,1,0
0,1,0,0,0,0,0,1,1,0
1,0,0,0,0,0,1,0,0,0
1,0,0,0,0,0,0,0,0,0
0,0,0,0,0,0,0,0,0,0
1,0,0,0,0,0,0,0,0,0
1,0,0,0,0,0,0,1,1,0
0,0,0,0,0,0,0,0,1,0
1,0,1,0,0,0,0,0,1,0
1,0,0,0,0,0,0,1,1,0
0,0,0,0,0,0,0,0,1,0
1,0,0,0,0,0,0,0,1,0
0,0,0,1,0,0,0,0,1,1
0,0,0,0,0,0,0,1,0,0
1,0,0,0,0,0,0,1,1,0
1,0,0,1,0,0,0,0,1,0
0,0,0,0,0,0,0,0,1,1
1,0,0,0,0,0,0,0,1,0
1,0,0,0,0,0,0,0,0,0
1,0,0,0,0,0,0,0,0,0
0,0,0,0,0,0,0,0,1,0
0,0,0,0,0,0,0,0,1,0
0,0,0,0,0,0,0,0,1,0
0,0,1,0,0,1,0,0,0,0
1,0,0,0,0,0,0,1,1,0
1,0,1,1,0,0,0,0,1,0
1,0,0,1,0,0,0,0,1,0
1,0,0,0,0,0,0,1,1,1
1,0,1,0,0,0,0,1,1,0
0,0,0,0,0,0,0,0,0,0
1,0,0,0,0,0,0,0,0,0
0,0,0,0,0,0,0,1,1,0
1,0,0,0,0,0,0,1,1,0
1,0,0,0,0,0,0,1,1,0
0,0,0,0,0,0,0,0,1,0
1,0,0,0,0,1,0,0,0,0
1,0,0,0,0,0,0,0,1,0
0,0,0,0,0,0,0,1,1,0
0,0,0,0,0,0,0,1,1,1
0,0,0,0,0,0,0,0,1,0
1,0,0,0,0,0,0,0,0,0
0,0,0,0,1,0,0,0,0,0
0,0,0,1,0,0,0,0,0,0
